tier,summonerId,summonerName,leaguePoints,wins,losses,veteran,inactive,freshBlood,hotStreak
GRANDMASTER,trqBxu_PqMDOLI63ffqhJsNJFj3Go2_uLnN3_6jXhBoAIbY,CS놓치면근손실,861,1263,1204,False,False,False,True
GRANDMASTER,kVO6dHmrwwQibX6ev4yTR_J1tPcUU-40D8rS-N_7Cfq3x0s,juhan1,846,703,584,False,False,True,False
GRANDMASTER,mAAVRhqPYImyNIFuwv5adTCY2vDB8AmlRgSm6Bz7nzpHAxo,콩알벌래,842,512,448,False,False,True,False
GRANDMASTER,xZqoPShP4ZQaBrLjab8kP9UjaIVAvmhzQ-jqOzVPrP84RNE,PRG Fnb,840,262,190,False,False,True,True
GRANDMASTER,Yz3GXnhwJXJ03aMLJFsT3aJwJ0-iYQ4ZYeiND1sP2S8sbg,eren헌터,831,930,878,False,False,True,False
GRANDMASTER,lKwzBJULPNfWOmvhSKREW3vsQVRKCfCJrB4BgBVqfPjGaAQ,밀레니엄베이베,828,419,315,False,False,True,False
GRANDMASTER,FrBMNxlKRFMVGfMiAlxLcYeePbDuunRgAKB_1XGJF2B028E,wohennangu0,827,313,218,False,False,True,False
GRANDMASTER,hrYN0FSsIyix3HucQpyJPn2GHU7InRFEIfD-D4Xj8iUohw,Wilder 90Days,818,711,680,False,False,True,False
GRANDMASTER,M98ae2wgVrCgb3j7zKedszdk0cvOrrukb2bjJdFTsTkY3LI,DRX Rage,810,312,213,True,False,False,False
GRANDMASTER,vCkABMM_KEiNZcMKF5fkD3cfT0Wn8DOUpU9wh9blJniIbBA,caihongdao,807,700,587,True,False,False,False
GRANDMASTER,v3T6Kk2dUP6qKmXJE19Hi70xq5YRIgsKItIhCzSFTbmbKH8,쭌베 엄마,804,686,645,False,False,True,False
GRANDMASTER,quY6FNeksaAHB0j1MRpWOswK3DhxQtaDKXxtYIOra0NOf54,노력하다,797,284,175,False,False,True,False
GRANDMASTER,prjs7HzfWF3UOgZ9n8QDv3gHjLNSks718XTN8MVQdbb2o3c,정훈이의 모험,797,525,460,False,False,True,False
GRANDMASTER,T8cileGs1YR02qyddVEzn6Zlewyq5nkP_JAYMKULJhvoIEE,BRION Jiin,794,1360,1295,False,False,True,False
GRANDMASTER,EQwdgRlOAXP7e5LvRdJKJQxuJAljLnLdb9arhGR3uBNm8i0,feng ji xu chui,794,557,438,False,False,False,True
GRANDMASTER,kgs8nN1tKy1YP8LjPrGGjoGvcfyNDYCLzC-3Aof020FoqVs,adad0,794,551,438,False,False,False,False
GRANDMASTER,_SzJp8qbben8M9xh_3FPCEdLCuGV-xsAvzgjIOMBohlWYA,Frozen ON,793,269,221,False,False,True,False
GRANDMASTER,DTu7I2ln8MqV0jB6kJTvOIMffz8NFMjRXLPvSzZmTZr8mHM,HLE Mireu,788,918,874,False,False,True,False
GRANDMASTER,AludoGkPUwzSSIqpwcQciuxItDw-HswcV0EAAKT2BAqVPzQ,qpalzmwoaj,787,249,111,False,False,False,False
GRANDMASTER,9w5TjyV5vQjqVlflmA18qDDh2oS9ad47xotbsYOoyie9CKU,Prosfair,787,356,303,False,False,False,False
GRANDMASTER,oScenBxy53QLvHcW4JT5BSknC7rICi98lWHr0pLHhihotPc,hick billy,785,448,357,False,False,True,False
GRANDMASTER,X0m-DO6pn_SM7olR1QeoRKdla3UTdQ9zCeMhIsi6gFRdaiw,MooJin1,785,369,276,False,False,False,False
GRANDMASTER,PGY2eg6ahHuZbwyS5BIBvqHR02Q9GOiiVfKYuq0K1YIzEwA,Gen G Focus,781,692,649,False,False,False,False
GRANDMASTER,U7MPlxSlXnmpN5Y3YutvoeFdrPI534Xx8gCo4TagIFR-_Xw,mask12,780,762,723,True,False,False,True
GRANDMASTER,Jz_gWa55VbmTrqqVbhSKWyuuYbGaOSkdh3wzuuUfIFWA5iA,남 길 이,779,439,336,False,False,True,False
GRANDMASTER,1fD_Uej2szfc6RH1lSv63dU7felOQoKPA6Hv1xDMOGs1cm8,아름답고 슬픈 꽃,779,219,109,False,False,False,False
GRANDMASTER,dSREYEQbvNFAFbFjr9uVhECrQd12CcGuX7I9wmeGSm-Ie_E,Tsllep,779,385,343,False,False,False,False
GRANDMASTER,RjYrTDMfiDUD8VyNS9PyzCWBIvWoNfwUG_sMmTgA32Y7MR8,읽씹맨,778,626,578,False,False,True,False
GRANDMASTER,QSw7QPUffCQANYlz3-aNI8ViCvagl7_c3J3ngHpEJRXfvsU,최기띵 그대,778,525,459,False,False,False,False
GRANDMASTER,KmT3pR-okd0Xc95a5sP-g5CPxPlz2G5m3otn_caUV8W75wE,Gen G Karis,775,1209,1123,True,False,False,False
GRANDMASTER,7ftCKvFXwgIydyNJh_5ZxmBqPh9pjrY4QiiOJhBxxZHH76s,YOUSONOJAM,773,928,909,False,False,True,False
GRANDMASTER,DH4nN3B5fOSR-81hFboNoJ6a7DfGgRC1MZIBo2KMmtRjeL8,Humble love,773,693,663,True,False,False,True
GRANDMASTER,uLiANETu-F6IM0zJxtQBREdaK2jB6S14OZeN3FF81mQGMzw,Aprox,772,101,76,False,False,False,False
GRANDMASTER,qwjnHZlNPpN2BIBoatjyoXTeJinbb4OGpVydGKQhfAJNbw,사랑했던날,772,258,223,False,False,True,False
GRANDMASTER,xlZhfdH3qsTe1L-_uJYhoq7VRZTmaDWkUHOFHyCsx1Hswgg,첫새싹,772,548,436,True,False,False,False
GRANDMASTER,3u3S1M7V-Er0a4pJ671WqNIXV6jkPft2u7TnVqA1Am0fmhE,lazyperson2,771,475,381,True,False,False,False
GRANDMASTER,tqsFbvimIGq1dI2WLx-I8TEDz3_D95BzrDgqcUoJ4xZ-TJY,더높이그리고멀리,766,493,444,False,False,False,False
GRANDMASTER,oTp-7YUamUkpwlNg0F1DC9cNjvEXICrODRMZ2VLKnq3wVKM,XinMo1,765,352,301,False,False,True,False
GRANDMASTER,eiVknWDFk_92S2OYJA7d1cMr-FVHWTJ0lKDrmfNimm80GeA,플루토오,763,841,815,False,False,False,False
GRANDMASTER,vnYBUzewhZjMj5jOmPUVykyaWAnHpKNyCfPJK-9skui3fOg,나경누나 이쁘다,763,549,445,False,False,False,False
GRANDMASTER,sadrv2h-VlQoaMLCyrF7CbLBOjXYaWiSta7ZnQ6GOG1qCEE,유튜브 깻잎한장,761,301,252,False,False,False,False
GRANDMASTER,ekiSsSZNAt65QXJziyW67ltQGIRsVak9SCkcbR41fOSnnMU,9 해,761,156,74,False,False,False,False
GRANDMASTER,M0zHKSv__TRMJUYNUyiuKElvDhJjvZojGpp-kh_1qFS_Xo0,만족금지,760,271,239,False,False,False,False
GRANDMASTER,QcU8WoThZLXnhKtuwADRTh1FdGEnmPPDyi8UfazAmWh8z3w,HLE Haru,760,1064,1055,True,False,False,False
GRANDMASTER,9aeE2CG4YdDiy5eHrx7h2VdBIsS897UUcKomjCgmDM0b5og,DoRun,760,1614,1605,True,False,False,False
GRANDMASTER,S_ET1jIvpyfCiFUc9v5KKVGsHOqUhbmbbRS3P-aAuGuS8l4,다없수질,759,1179,1131,False,False,True,False
GRANDMASTER,QcRl9kqVLXD9TlJ322-KpXdVx-1s5FdQ0_NQCl5fEzIWz5E,CryinOwO,758,258,205,False,False,False,False
GRANDMASTER,ifYpnX-YYDvyPKnzLXt7-A0SsmPgmVtTJkryX5l8I2uyFh8,I love Doinb,757,1132,1093,True,False,False,False
GRANDMASTER,bMh1qMbGfgSfsozIFUmV_U2rRy-mN5iKwZPMieMqxAeuUcA,hfcc01,755,622,522,True,False,False,False
GRANDMASTER,_px83Tg4CZ6RdU-fY2SouV6-KDBcaK-abPZBdjDtc4dFL3A,EylaEyla,755,226,167,False,False,True,False
GRANDMASTER,bGN6G5yxhTPMM5YTcRipolErCNywX9cSBG1hAVjLqqr7WDI,Gen G 성환,754,1213,1188,False,False,False,False
GRANDMASTER,1ZwOqwpTZrvEcVb4wCxN2ufLAUr1hGu6FNcQAzT2Gwzz8Wo,9th Rebble,754,574,568,False,False,False,False
GRANDMASTER,mYEFFMh1sIFaF3wS6e0AgVT8nqGj5OQuJeh4fn5A1mZjjyI,moremoremoreesiu,754,1015,973,False,False,True,False
GRANDMASTER,n29PACpZShay9Xx7T6RcEoTOuZQUS5FhIvTpVugLF4UAPuU,실직자 조,753,281,173,True,False,False,False
GRANDMASTER,ZX-JwE13bLTYjnTovNj947kFIOi_pyPivD-Oov8OEnZ-dQ,Afreeca Spirit,751,978,937,False,False,True,True
GRANDMASTER,jg51t8z66UK8CaQzWTWKXfsZrqhpfiLdF-ohMX7TUAAo0k0,B2yond,749,697,646,False,False,False,False
GRANDMASTER,OfcE4OTCqSAj5110HrhmhK6pnan-C_V9gRWFG4vaMOlNLso,페이커 fan,747,442,422,False,False,False,False
GRANDMASTER,3TUadXKtN6MEHFWvCh6A7XCoso0yqH8_-JH2CcELVBrxHcE,SPG Chasy,745,1047,1036,False,False,False,False
GRANDMASTER,UFL50G5HYkYGofLBGjg_0x8JXA-K0NMdoxaRUw4EvG5kcOs,오렌지 바람,742,188,79,False,False,False,False
GRANDMASTER,lEHwFjwiABce8SxLVNbhxFf_j4xR3Uww7Gi1gdjVjCL7f3Q,Blank,741,655,642,False,False,False,False
GRANDMASTER,ftcorJfYBaoNLAruLNTJNPBzVqrKhDpZDT6icUFTZc5GxQ,ssaLbo,740,405,314,True,False,False,False
GRANDMASTER,lHi0J2dbMvO30MrWT4l6aLYRvpvecknsWMpW2ERMq_U3PeQ,랭겜에강한남자,739,392,295,True,False,False,False
GRANDMASTER,IvEok9LMsfqXZjc8E7DNoPj4agd2XkBZA0Sg9SjvsYGFyZc,emulp,739,211,91,False,False,False,True
GRANDMASTER,JH-I31Inwshyt5R_SZFu5MwxoxRS5LCZS4RhZQjHfsnLakU,cv guangjiangy,737,284,191,False,False,False,False
GRANDMASTER,wtAcqD2NIOAdYWEKIbUe8AqP6LGLo2nTyV2nStc-1kKr5Gk,nehc2,737,313,268,False,False,False,False
GRANDMASTER,KWu_mXXl5-qDyvjobSLvM6ceC39doY8p_CM0exnHcqV-Vc0,라쿤1,736,191,160,False,False,True,False
GRANDMASTER,gDrxMVmS4mu-qXvANcP6mBQy4SpVHDmd1TbPj0-0rajBJto,SANDBOX Natalie,735,1186,1123,False,False,True,False
GRANDMASTER,h0IQ-sIehgjqcbFcHohKUZDtixLPKFns8PEnApAMpkArjb8,아이러니,735,252,228,False,False,False,False
GRANDMASTER,_MFrr92Kgcl9kK0oaWX0NrUmKSIdNuUEPw-ZtsXCPsqylHo,szmallow,734,384,280,False,False,True,False
GRANDMASTER,2K4ZF90_d0HzYeS-S9QeEYNtKybGRJ8FjkDStJZMvxW8vg,510 610,734,146,58,False,False,False,False
GRANDMASTER,Rns-Oz7bQPoSx5yg0_ReFZl1CjabIxUrE_3YnhNE9l4YmG8,wangechuizi,733,1280,1249,True,False,False,False
GRANDMASTER,hHJaX5i99X75oquptJer7MPbdaRIHl6FjLanNthc2XN0Dg,891024bajie,733,249,241,True,False,False,False
GRANDMASTER,wHzKoDedsBUjWrutBONw8BJ91eopLErPHRaWWWoJ34oXPjQ,send into exile,733,509,400,True,False,False,False
GRANDMASTER,9CXTWktDXlv6WPE5chR5NILDNAJ31PjHf5dTc2xWcCX_dwg,엄사출고도,733,260,236,False,False,False,False
GRANDMASTER,T9zH-9QrNZoQYavnts9qepwGmLFutJ4rGC3AX0D920qGNuQ,타잔 그림자1,732,187,91,False,False,False,False
GRANDMASTER,sT8SRR0zhhACrSoa8osNRe3CmFCgddwvHqht9mXDXpotOYc,동래메뚝이칩,731,482,382,False,False,True,False
GRANDMASTER,rDMk9fLkAVVJQXSFnc7gQ4E6aGXM9XMV0wezTPyOM8sIoH4,HLE Lava,731,420,402,False,False,True,False
GRANDMASTER,SLFn2llwwC8O4oJvdPZ30qQx-uRBTC24JWi2GiaWtcFNEvg,cute heart,730,443,331,True,False,False,False
GRANDMASTER,WlbAX0QCsrQfdhA-dPscwPDQoc7TtXN1eyYML7uLVLlzLc0,SKT  T1  CAY MAO,730,1120,994,False,False,True,False
GRANDMASTER,Np6B35uKEgtX3cdb-Vredfn5GCtdIi_3WgKQoPTXsYxEZAg,트위치김수당,730,845,775,True,False,False,False
GRANDMASTER,tl7sCpmX8qIQ2vA9FYVVd_btj3BGSZh3LDXAxfmTMYJ-hA,쪼렙이다말로하자,728,866,825,False,False,False,True
GRANDMASTER,ql2hz04f_lJCapdr3l8rz2NPF8FJLo-O4TuoEwbNL2Ev0zA,Oct0ber,728,398,344,False,False,True,False
GRANDMASTER,X5ZTwdz8R-mDg2luRpblZoGll4HfF18gZt809O5GFL5MTMU,can 5v5,728,758,646,True,False,False,False
GRANDMASTER,Re06YNMCI0EhGHQPD1AZBDnP47NOEVI7ES3YxxSvz-bTfA,단군의청춘부재,727,609,606,False,False,True,False
GRANDMASTER,g7RruZfNd7Z3-QaPhxLaRojc7Xxw_dlk2ZkSA3O-F5sD6_Y,사랑해 허수,724,336,240,True,False,False,False
GRANDMASTER,kMfh8KEbpkeF8UT3YMepes1kIiv1JfqjuyZPM-S-IFk45jI,아라드의흔한소환,724,392,338,True,False,False,False
GRANDMASTER,DEejzePnZsKHEeVQPI1obQd6GsRAyBSfhYrX3FCYGQx_7YQ,죽이지 마라1,724,248,142,True,False,False,False
GRANDMASTER,N8lPGt8szDXGOYuRP5yrVCMhDiORKh8zleVt82y4brAjQk8,이해할려고노력중,723,618,589,False,False,False,False
GRANDMASTER,H3hYii5gNbwtvMBXQe5pKKKFoJCoaR9ql-BUA-BbYfZTQwU,ANG TV,722,926,866,True,False,False,False
GRANDMASTER,q8CcVzcUuR0kiMgd7JlvwqjrgTnOW1FR0VusOX7sTgzG8g,양치하고 자삼,720,619,559,True,False,False,False
GRANDMASTER,v1IFyCTQ26uk63SuiGhReFOdCjGaafFMzGVrmhQb_D_fBc0,호잇이,720,830,750,False,False,True,True
GRANDMASTER,aYvwlJVcX43y1_yASzzm92oSnou5LujdH2-bt4JJ12qfY6I,희한했어 ,716,378,262,False,False,False,False
GRANDMASTER,GNn3ctQ0O6NNK_YD3xovCHcCsGFrkcr3GfhO3iOp_A6v5g,Diuqil,714,151,141,False,False,True,False
GRANDMASTER,1OFlYkZv9S73bCQYtNihoRuzPdfLJjUuSQAsJAPeFWq8YWo,패배하지않는사람,714,731,628,False,False,True,False
GRANDMASTER,k8WNrg0sXxIni4wpYFkG95PWxTY7UYjikIgmDpz2D0wbAAo,support me or gg,713,1170,1161,True,False,False,False
GRANDMASTER,uvng9c4Q3Ooq28zg_mCUSrhgip_sI3KGo_5ZFM7vrwW7b2k,DaYE,713,156,127,True,False,False,False
GRANDMASTER,2I-EuJ9A-_0Jy4Dyh-mXf96UeFggsqLAEEOQBJbPwgvIK0w,pingchangx1n,713,1621,1570,False,False,True,False
GRANDMASTER,cimgtzLVRXKkgRdMq-Oj7CVxv4SPKaFX0LbJkOSIIvpOlJI,SPG Jaguar,711,1394,1297,False,False,True,False
GRANDMASTER,0LuPBGYtv6q11PtQKZOY8JYkvMuzWqv2cySNkqt322y_fmo,푸른 하늘과 흰 ,711,820,693,False,False,False,False
GRANDMASTER,qf2ku97k1a4GqH76cqRQN0loYwV1XQRH2M3obRB0yJXL0Ac,MAKJANG,709,413,315,True,False,False,False
GRANDMASTER,DBQFwr-1rtrdDaNc91mvpWSz8IbWDnnxR0IMejMBh-0ePHA,NO BB TOP KING,709,285,186,False,False,False,False
GRANDMASTER,dsIWQ68fjZe4jfntJ5dIbFAtotO21uZDkdFLmxEdP60miA,허징어링,707,491,452,False,False,True,False
GRANDMASTER,JQmge1hqzjlI_4phjxWls9CYhME_HLhCG9NHoG4RfxWPjY4,널고패겠다,706,196,98,False,False,False,False
GRANDMASTER,clYfFOsqFCQXEw8u7CJNZRXoQL3rzu7fDhlEL5ODEgqsVJE,Why N0T,704,917,923,True,False,False,False
GRANDMASTER,N_5r30zZOoJmrp4_beLrZlb_-nD3yakNFQ1ivGIyoXNdbC8,엽북이,703,650,632,False,False,False,False
GRANDMASTER,HSH2DHg80Uq2vjysI5--KEVSl8IlFLz7Qjp6jgdhR5x57PE,르블아칼리키아나,703,1637,1643,False,False,True,False
GRANDMASTER,OT5PGavzX_7cb382QQTqJ0wTGrGoCLbZb3cox0qbN6iykAM,KT Malrang,702,629,610,False,False,True,False
GRANDMASTER,mIWA6APcVIcUkqL9aOzHNm5Q6wj6skmupBJQ1XgBu9oPVQw,lllilililiii,702,348,315,True,False,False,False
GRANDMASTER,425owhBpI14Yj_vp6AWhmtn8k74nFSvzACrt5Tsmjoo1Lo0,Juli Baker,701,748,713,True,False,False,True
GRANDMASTER,DoMrsr5wQOXFU3AE7Ql6KaeJJtcXntMKc3bZLUnVVVBx9qg,Do1u1u,701,792,645,True,False,False,True
GRANDMASTER,sSeLbEUO5wzkuz8fJWzVy1hrci3g9m16HJZKmbtOHHLEdg,Runaway Seraph,700,467,408,False,False,True,False
GRANDMASTER,iGnbayUaRpzBSwEAIWXP_k5zSzAaZ8vHRYWkj5tQoRnZOGg,o pau vai comer,699,281,232,True,False,False,False
GRANDMASTER,hjOeDp7iH31gOxV3-M9s_YpY132VgkS_HIR9mfFll3vomuk,Destiny,697,367,354,False,False,True,False
GRANDMASTER,3ZQZhffNs7ne7_WMCowZ42-mIfLP4hFv_4mxIeOOr7pyLZE,lift me up,696,588,531,True,False,False,False
GRANDMASTER,Xb2Hj8YY-wZuoIMpu64Vp0eDO58qjN0uUiuSUq-v7u_NnQ,매일 좋은 기분,695,306,282,False,False,True,False
GRANDMASTER,04pRAcOnrqofk2Gcs-BtBIJatkGq6djOOOoPLtMUEtRqwg,눈가루 OwO,694,589,585,False,False,False,True
GRANDMASTER,IfipMa8KUZIZyFGnd0xMw5E_q0pfhJ8ptqisRnODyS0MxK4,20180725,693,91,60,False,False,False,False
GRANDMASTER,hqa7PckgmYO-OqSORdPyO_qQmF39a8UTU_5dAgF-wSLcG4s,귀여운 현우,691,589,543,True,False,False,False
GRANDMASTER,QMA-z6rm3GnjaMZAl5iUsIuUOwUXG5HYEf8pYB2UzKANayM,나너잡았어,690,178,90,False,False,False,False
GRANDMASTER,jidfrGR-1UuvaEgp2yaiz1xjR5k8JPcWodxmHvicv_HwN_E,X1LANX1LANX1LAN,690,371,266,False,False,False,False
GRANDMASTER,cslCwXuwWLTboPgkKNH7SKa2bJFd2Jj3AIXiXFehZI5unoM,매운게정말좋아,690,538,490,True,False,False,False
GRANDMASTER,x6eWsA97xpM9LStGwf9R65L6xVX1KdwmMx9upRXe_CMLO9U,SPG Winter,689,398,396,False,False,False,False
GRANDMASTER,c0StTTpt8fXTaXYzbWiO1N60h0cLzGVeQfx9B48dA_gLJ3A,계란샌드위치계란,689,371,273,False,False,False,False
GRANDMASTER,vNLdt9KTGPtHsR5s9psUwTYyqIWRo6_dSqgZAp6AC4MhhOs,김도칠,689,787,745,False,False,False,False
GRANDMASTER,TU3p003w_TNN5pO0aHTT7Nd4vR-yxqKk3ciKicVgXl7lDxQ,초콜릿 도넛,689,431,348,True,False,False,False
GRANDMASTER,TJbsdE1DiKFcmqReBpARU56_E7VEsuSDc-eYqq4yZmVChcs,만능칼,688,601,538,False,False,False,False
GRANDMASTER,yoJLvHkCbBRm1liQDbKQJ-um_n_o_sb88NQdCmdZQ1SsVQ,하이드,687,437,405,True,False,False,False
GRANDMASTER,yOaEYnuLYYCKrL0CryXZoIojuoGW3IENAsUaK0Y3JML-IOU,want home1,686,799,765,True,False,False,True
GRANDMASTER,bDXBwDpfIQifHgh3NsETtAQ9FTjSmZWBR25BHV4vmmLepBs,이런 매서운 버돌,683,380,327,False,False,False,False
GRANDMASTER,02FleO6MYSYhGcClnU-HME6wTvklWJcYxk08I7AdO-jg8HE,kvhjawedaf,683,747,625,True,False,False,False
GRANDMASTER,gB5HcmivcCvPybSetltChndSOuY5dCdGgkBbz2IU6E-mxK4,TreatzSM,681,76,31,False,False,True,False
GRANDMASTER,llfLYuIWWclafWCz1OaELcDfsga_ZYakhecLrBL8bpaob84,zr쿤,681,704,691,True,False,False,False
GRANDMASTER,yqoQADhQBhXJB6cZ336vGgfzdyzsqzvjEzt755ORLTl5xrA,VIT 모글리,680,497,463,True,False,False,False
GRANDMASTER,Gt48nME1l0U02t3AboBBewzIst1tLUuXUvJHXS9-QiwlQ-c,929 717,679,598,571,True,False,False,False
GRANDMASTER,FCqZu6qXYKdSDHVVBvYNX4ookOIMC42ci8c5sVnOS_mX098,JUGKlNG,678,415,298,False,False,True,False
GRANDMASTER,b0Im11yQ7LdqyvBJxN4e8cFIqyT6hljc8e3WJ5gVKNdJz4A,GG Bond2,677,481,373,False,False,True,False
GRANDMASTER,dzLQ-ufITK1Me8vcwM2aexVS5JtC2xqVri-IEkWnogEUxBI,APK Mia,677,692,691,False,False,False,False
GRANDMASTER,YXADPTAwu2bFxJ1Up6gcu_8VRax_MvlAv3V5wW0-_PDVm08,9810000,675,1045,1037,False,False,True,False
GRANDMASTER,zOT2usqkyeyMu1bdkLN1ecII41AJTDv8agB6aCqhRWF8hQ,요요쉬맨재성,675,438,406,False,False,False,False
GRANDMASTER,u_6SRSQK9XpyuOMxJG7etWuCRZQG-r_iz-NpFe2PtvDMpzo,DWG BeryL,674,379,315,False,False,False,False
GRANDMASTER,4VzeCoDSLrx0NJ2Bb6rABlPhQpyEF5928Uzck-mJynGmTWI,lolovolol,674,159,114,False,False,False,True
GRANDMASTER,LGSO8PJivS5R8xZvf9zrqeclTOCjGuQ6ugkKtN632vIZm20,내목숨은아이어에,673,937,870,True,False,False,False
GRANDMASTER,-nVIAFxgTHeKFnUMm4YatyxIXfIxz96wPHq_13jzuzal4nw,M1nit,672,727,654,True,False,False,False
GRANDMASTER,ufFusIKiSlTXNNJhwKt8_FBJ07TcdpK8JkbCsRa9XMysCDk,kusurii,672,179,85,False,False,True,False
GRANDMASTER,7ALrjN9L2jofzL2XPC4kVA6xaOJxbVAO3VLp-YQ65xVIqm4,나쿨피쯔아니다,672,379,349,False,False,False,False
GRANDMASTER,R0ffrD72VF75FTQvktGMargye79TzM8GDO6-86gehd88vN8,Gen G L00K,671,698,637,False,False,False,False
GRANDMASTER,Or3KcnvS5wf1yPnicVKGs53dFBC3XdQO_YpKvr4b0--t1Sk,so1o bot,671,615,509,True,False,False,False
GRANDMASTER,WHJChTwaaSRRCJaq-X7DgMQpds17WkYlUmLyUt3eIu0xoHQ,And let it shine,671,581,483,False,False,False,False
GRANDMASTER,RtrJBpyO4LNj6SLFkSXjeSPBaZiuASDfTjwVjdy8M-CoYw,병권좌,671,418,413,True,False,False,False
GRANDMASTER,irAuOMEMk5DNeanXVh1lJYjkdDtHl-ql9GINfgaFA6xqNkc,212AD,671,370,318,False,False,False,False
GRANDMASTER,ULCMyVN_mPHfTDpaSfDnuYJqNKgkDO_pVsbRXJL_c4IUJQA,5Kid 5Kid,669,352,238,True,False,False,False
GRANDMASTER,yZUApOwRd2M_hBztLHCo7Gq9x4sRpgiYDuJpNUHJW6hCvQ4,일념 지옥,669,299,194,True,False,False,False
GRANDMASTER,FsRtkOzNtakAsXjiC1czVUcDglcrpl3i3TZLRg_jsmuIbH0,1145,667,234,173,True,False,False,False
GRANDMASTER,Z-auNZ-1hAkL6_Y7zQwLB1HNrymlfJ50XE8EKT6ndyY9wng,BRION Hollow,666,488,423,True,False,False,False
GRANDMASTER,LRu1Rnj1ecF8PinWlHlmkIXpi_kbNA2XN4MJ3DBfgonNe90,싸이버거세트,665,1346,1303,True,False,False,True
GRANDMASTER,tEN5ZDtPvs1tg_xZ36jY3cr4xd5A4zqPRUg-4skbjyZ8lA0,SPG Asper,664,1126,1098,True,False,False,False
GRANDMASTER,Yk2S50nBC3XAN9Q1hL3Bpx2ID4dJONJ0hU6fEjM6vXMcQjc,past time,663,797,701,True,False,False,False
GRANDMASTER,znHTR5oalChzXzgR-mv_yU73Ah_HNP3eezT4wFaDk5jrZb8,마래리트,663,630,613,True,False,False,False
GRANDMASTER,zkezdXNEoELMHSTas0hSew9oGxmaWYExenwsFM2L7h8fX8Y,TES shaizi,663,1521,1480,False,False,False,False
GRANDMASTER,hpjsw4DTYo626ynGojy1_4NaVZ3IXGcNenCTG-68a74VRKA,Mizu Neko,662,1079,1039,True,False,False,False
GRANDMASTER,uhbeu1Sro84VFMQlpwbY8qmPaLp1IuaqeYI6YuIMBIBKVrU,복수의 나선,661,488,421,False,False,False,True
GRANDMASTER,HBgkBNTJ3Et_zJo4qR68xGOYQeYoEPKhxXAW9f8wej2dWfc,SPG DalkA,661,301,249,False,False,False,False
GRANDMASTER,8lvbYA09cdcUvFzJJ_XxejIvprAoTJFbAl2L8C-H29SwcNg,Iksan누누,658,308,233,False,False,False,False
GRANDMASTER,tZ79HwZnDI_Hre69NARGBtiKh-jTQdeERV3ThZgHh2zLrkE,hy2rwt,657,1008,973,False,False,False,False
GRANDMASTER,YutwrTRxv_hn66-RRz1ZnzMg2JgD4g4SdXs_sqfqa1v3JaE,Sof13 CSGO,655,347,232,False,False,False,False
GRANDMASTER,QcSNa7ysnJT4fzcSOeTPWmiHnBZshD7FU0TzHH7Gxj95z5U,명구리버드,655,570,540,True,False,False,False
GRANDMASTER,vWGuQKbYHT4sRwq8WttOFlogF0DTu7IiWxLl5s4yTSxe3eA,Canna fanboy,654,422,391,False,False,True,True
GRANDMASTER,yEX8TnwVV0zi_o15hVCu_egCDxhOwQgFRf8EEZAxUk2ZFag,미드프로지망인,652,382,374,True,False,False,False
GRANDMASTER,y8QpEEVPq-rm2ZPC9BKmeA5dlG_RROzQ-UR-i1_ABsrMiSk,아니 땅호얌,652,468,413,False,False,False,False
GRANDMASTER,Vo9GgYUfMyynJp16rWk_a-gpXxclGt0aIWOt69ZWrgJBS1k,1Missy0u,651,214,120,False,False,True,False
GRANDMASTER,6_QPW40qdBI9-NhO3be30Dj0xyed3SWd7sq2kqtSCXt4KZg,Migung,650,828,800,True,False,False,True
GRANDMASTER,T15QSbxczUg4poPnznspMl8vPfxwct_u0QZ_YqMTHnZqwYE,Fvry,648,1052,1015,False,False,False,False
GRANDMASTER,58d985qjSitDuts-gS7QW7gYuRu_Ify-BdHgH9wjk4QANA,DRX bubbling,648,738,717,True,False,False,False
GRANDMASTER,mkrCxEfMGRwZD1QV8kPUDkMOqAsHFyoW9KYe1TNQBGVSOgY,chixiaoyubaby,647,359,257,True,False,False,False
GRANDMASTER,pnEiCG2HYOiKAWIY4iJOQp0aMYdxkRp69aaYLmUgx-3K7-E,BC Once,646,928,919,True,False,False,False
GRANDMASTER,8rRPKWy0SvLolZNLN6AdgcaXza8Vs-SeCov35YKm-Nz0YgI,renshuiwucuo,646,1309,1291,False,False,True,False
GRANDMASTER,rDokez1OYSYZQxlDq_G_3GhEO-XRdaMqHmvctWFF37aJVOg,jkjkjkjkk,646,1322,1330,True,False,False,False
GRANDMASTER,qehqA4piq2YoBxc8ZdiqZBZ-oGUVwAR8Yrr_yXA63-0ji5M,하리보 다 내꺼야,646,327,266,False,False,False,False
GRANDMASTER,RfgA-fkqgOV7Bdeko0Dln3aEGARBioXXhtZftW-JUIYiMxw,C9 XDiamond,645,120,82,False,False,True,False
GRANDMASTER,QrmjBhfNfEXv4V0uo_Ls5eMmB0hrYzz4fH0dtIfHFsKlIw,나 욕하면 지옥감,639,480,393,True,False,False,True
GRANDMASTER,COmDWuB8ykQmYxrUuNS3I8WwNecneB4SK5Zt3-y86nIz7rY,사랑해 김린아,639,580,560,True,False,False,False
GRANDMASTER,RCqdA0HbUr39Xof20C5OmB7AYq5_vfKPK1VeKgPH8wrp-g0,C9 Palafox,639,134,90,False,False,True,False
GRANDMASTER,DD6PeBA5QAvLEy3PJTVqmzTpMStwmYcDzB3cL09zXcWpVv0,RNGzhao727472857,639,1044,964,False,False,True,False
GRANDMASTER,OrJuo3EDsvRB_ILsPqmI8rlQvp5g5OEpwGrLXA6BHQASLeo,KT Ray,637,541,524,False,False,True,False
GRANDMASTER,R_kSEPUhfHJ04Te7dPO32mkFFbaNAyofQc69gK42SUiPoYs,cqpo,637,1441,1405,False,False,False,True
GRANDMASTER,8bq9PnKGS8gFkArffbjs8-CTGp5smL8if_KdcPdVhzljUYk,QWEReee,636,630,536,True,False,False,False
GRANDMASTER,o8s6UCRPHGilMrdJZZqvAbBwRQ7dCacwyJQYKRDZssQv4Q,Rainbow24,636,652,637,True,False,False,True
GRANDMASTER,wWeJAooyddJbzxDD1b7VMQsuv4klUExOB1g804Rd18F5PQ,reMember Mistake,635,267,242,True,False,False,False
GRANDMASTER,YRF8NCZye4u5feO-QoxjjJZ4UaSS8GfVMUyrPdzYeaaR1qk,유비 유비,635,496,458,False,False,False,False
GRANDMASTER,uoNOceQGOV5ZpFgBLRhwtM2tnw9W2najbyXEFxzChnb-7IU,LOOK ME 1VS5,635,921,880,False,False,True,True
GRANDMASTER,Z4zcj120kSwgupLoaZxgfBLFyDTJ5vrKYtClVchWbMseIaE,천사방패,633,240,217,False,False,False,False
GRANDMASTER,5gsYmREg81gFWjXb4pkdZ32X91XVlOqdi909D2gWSntBCC4,By 불비,632,734,743,False,False,False,False
GRANDMASTER,edXEHl04tafcVwlp824-wh4pY4w17TGohTBGKUxojd1XbQ,좋은날,630,357,310,True,False,False,False
GRANDMASTER,TBsWPv6hY8i_XqMHuu8X1s7vA4x8v7IsgDwkQaDSnuGBQ0Y,Kanav1,629,680,666,True,False,False,False
GRANDMASTER,0EF7VJn6s1WDtfPc4qjCDwz89KymaDQBLq9hlCrTcuzhl30,KAYNKlNG,629,1142,1109,False,False,False,False
GRANDMASTER,R3ygWTn88SpppS9bBcqWQp-tVrbtTw6ElkLIL3ksDtmg1pI,오공대장 세르델,629,426,360,False,False,False,False
GRANDMASTER,HbS614_TBQS33T2-i4tgeHD0d7SDvpiWvhAedSv95PhXUDs,Skull man,629,1122,1121,False,False,False,False
GRANDMASTER,LKIpLs3BiE26EF-RZqiVUVRjt-fp71DxXIDSz1nD86_CrA8,Mental 12345,627,850,823,False,False,False,True
GRANDMASTER,a1TL4bxFXfV1WS4uVDrcEoldp-Xcg5FyhJr0aR3W2RLo5I4,kelin pig,626,657,565,False,False,False,False
GRANDMASTER,fQrh0QFG5LxuZs6jYwVegs6TiYHx_jUW_lpaD4pLLX3YwCA,ShmiIy,626,1274,1214,False,False,True,False
GRANDMASTER,q1h7wM_5xamBkpSsfY9HxgAvTEW2tw4vjE2Z9v1kupb8thw,Hoglet,626,175,162,True,False,False,False
GRANDMASTER,un355m71xPX-KjMz7sB-hyGglI7D0BljRyabXtn5cwAtUb8,ArrrrrrrrrrT,625,622,596,True,False,False,False
GRANDMASTER,cblwi26f051r8gNsL0bB-VEh6kj34kbhIw_lP-62ec246Q,Hide on bush,624,606,593,False,False,False,False
GRANDMASTER,YVLjri06cSkscwuiJtB0w3iPEFkOvpxeViosHcJh0rDcdqA,0rangeflower,623,915,920,True,False,False,False
GRANDMASTER,53Sf5qHqE3XiiG0mkH3vY_2hvhb_Lv3hdzCCnMQPEJjlJTA,Donko Donko,623,657,591,False,False,True,False
GRANDMASTER,j905gqUAinRr4FBODjFCk-r9-066PRrX-cg4_gQwLI1vL9Q,반달가슴곰슴가,622,286,174,True,False,False,False
GRANDMASTER,q5t8Gut58SaenZ-QJEvV75esdcYiIajloKSH6n9rfv5kv1Q,솔크가쥬아,621,241,168,True,False,False,True
GRANDMASTER,TXzlomYIVsG6JyLnPCrYqjSxsr0sP0WgAjDVGHDn-QSiTkk,그만 화내줘,621,303,256,True,False,False,False
GRANDMASTER,JWlgMNddyaiv8nLIgCp4uW_hiQDp9KkV28_MeHr-bqYyGco,한화 미드 ,620,97,74,False,False,False,False
GRANDMASTER,d2sun4VCO_08SuxXPoGIp5sFK-lhB49nrEyqbiekEi6eLaM,Jisu,620,153,150,False,False,False,False
GRANDMASTER,RCnrI7lWM1g1jBm-G1a9fz56lDVBrz3G8lKaYtii91ZStIc,날봅서어멍있수꽈,619,1051,977,False,False,False,False
GRANDMASTER,DKL7y4GdQfQHWeLxEwbbSlzXC4IRzuRGT_VTotc-KZCMH44,모찌피치모찌피치,619,1056,1044,True,False,False,False
GRANDMASTER,wuk30t0-lP2FupnZ6GFfPFRoLy8c3Rpj2lvMXma89nPcCA,R0AD,619,212,169,False,False,False,False
GRANDMASTER,oIFZzIdi8Hph1UGign2necXBCOnSsTVTy_PWPZHiEsXLlA,Road is Free,619,386,382,False,False,False,False
GRANDMASTER,ofa12eQXo_fOJAsahjoVTA_yfMNr0i0odxSsBmgjosG_oQ,남기리기리보이,618,388,357,False,False,False,False
GRANDMASTER,tb15DosWSMR8Si_z98SrLHzkfE_7OjA0MGZzJtzKd_igkOg,SUP King  lxa,617,1576,1485,False,False,True,False
GRANDMASTER,dNa1s69P1g5ynSYHe4mDOZQfe45TPt8kWXTOm6l8rU2D09s,애니와쟘자리,616,361,299,False,False,False,False
GRANDMASTER,wXLf7TwlJrgg-c7mfXOEI4Sf1ZMVgDxXXNJswsBnSyt6FNM,Awakening time,616,416,382,True,False,False,True
GRANDMASTER,8O-aZODXgqQhLlwDF-9DhfmZjgfCmjy0I4-r4nv4NAD1Pss,alemtmfprlfkdls,615,218,160,False,False,True,False
GRANDMASTER,mnP6diAEhqc9bJbujO8ewTViiwbBeCZRfGJ1obHDVgV0Za8,Teambus,615,1331,1263,True,False,False,False
GRANDMASTER,-gfaCdv9Bu3Crs4fMvJDYnkYXW1pOslt4Kf8NOQFDBdHV0w,욕받이원딜러0,615,1301,1162,True,False,False,False
GRANDMASTER,a__Mv8I_3ewKthQtzgAXSBPEzmd9eqY9KzdyI9QXFeEPQA,영원히 즐겁다 ,613,662,653,False,False,False,False
GRANDMASTER,OkKqM8GS8Uff81A5Yt7Stnl0jwU1UFNAgM0qGkcY_VRHX9I,IgNar,613,430,409,True,False,False,False
GRANDMASTER,o7lEPSnM6b0LijQMSP1v-_0W6T4NzzWaMG84qA4lmdUUBRA,4x5x5,611,1191,1074,False,False,True,False
GRANDMASTER,ySWj8F96ZS7fVdGa7CLCjIdSyJEi4wtF1HnnPpcnidn9XA,구루미를둥둥,609,618,607,True,False,False,False
GRANDMASTER,xgmQyunCVtqX9tGnlXC2IYTUKWAO2TXSi32v2rQuu4jSMso,XqwOWO,608,273,232,True,False,False,False
GRANDMASTER,lwrBcMaQ-ZQSs3OU6kkUnDmy2VCSsjun8t0Iug6wyWPjtSc,JGKINGTUT,607,442,360,True,False,False,False
GRANDMASTER,MxobDcX_8-7dzzD0W_LNBHCHpj64eXZCFmqV0oVSeYj0Zg8,hanhan맞아요,606,1277,1230,True,False,False,False
GRANDMASTER,rewNt-IDZZm-RF1UbWDzoDGEnSToa27kZLMJ11VcYJPcTMU,wewewe0,606,212,118,True,False,False,False
GRANDMASTER,51ttZhRlaOSsYHAM330gCUHHLDuH4n5Py01bJ8N-IRjSjzY,rltjs,605,573,556,False,False,False,False
GRANDMASTER,hk5E_ptLy7a1IPvrw8uOtV7NuCADMYSnYcbQzCuBGJok1nQ,T1 allmight,605,1393,1374,True,False,False,False
GRANDMASTER,1GNWHcvgicIB1TPzqpsKXWyc8qovRKAOeR_rzDLqTJj69zY,고딩 팀 구합니다,604,552,494,False,False,False,False
GRANDMASTER,c2nn-8fexj6jdbwzcZr8UZxP1FEevZRn93tHMKSr8diuU0U,Summer cat,604,616,511,True,False,False,False
GRANDMASTER,gPgZ4ZbGaECR5LDQ9VPPQPKbTArQZ4Ivrv3N6qX2K4s95Lc,주사위666,604,747,741,True,False,False,False
GRANDMASTER,cU49PamGEv06xWG3N4J9Rtha6f9IBgX0ig8pz-FFcYLOmE8,왕볼베,604,740,716,False,False,False,False
GRANDMASTER,9Y_wxtMiu_vDZQgAcZIVTMGpQ4EqyI-6b6YIQ8r_NbuhMvc,박도칠,604,286,201,False,False,False,False
GRANDMASTER,dEnC4y7QHkIhgPy9GSyIPpW-zfxiiMBU1h81K0dwFhj8FLY,ADC02,603,491,396,True,False,False,False
GRANDMASTER,hlvOHbMPjbm1FfHi2s3g-lSRQV7Tubg2CEgpQ-VQKZAzVOE,꿈의 남자,603,573,544,False,False,False,False
GRANDMASTER,sHHFnCQRSBFl0I8l3rn0MHi6WMwWryBldZiaEGbFi7Nm_EM,wlswotmd11,602,370,338,True,False,False,False
GRANDMASTER,yjb6WY7C-u1DC6vEa0c2EoW1dw1OAeHcwWgc4Hm5O4-s0CU,Skt t1 faker7,602,376,272,False,False,True,False
GRANDMASTER,Vv5K8F6bM6MRPx3F-4574fQb0JdEcCksg-FKoSPBli5gcJU,악마검,602,418,381,True,False,False,False
GRANDMASTER,ZH1hRRPgwtioahUcI6InQKpN2YsRoO1e6OpZCay-qs1bJVA,미드 스눈이,600,337,290,True,False,False,False
GRANDMASTER,9qP55YShOB6XHLf6wQ_q9kG9k5A8z_fL7htsAOIwSlBX24Y,끝나지 않은 전투,600,1026,994,True,False,False,False
GRANDMASTER,4AHIlv5WIxyFU1UPViGAyAo8HmBe3-IwZDXsyEMUVMDuXeM,강현준,600,476,419,True,False,False,False
GRANDMASTER,dQvZHxl7oKUxEepc2xoJPKzSZe59QMBbfuze3yAkW1IxWw,Lactea1,600,708,670,True,False,False,False
GRANDMASTER,_43292drFuAaoyWezNEiVJOz8QGms7kUZsOSidUkU5jhQA,영원한 설리,598,615,596,True,False,False,False
GRANDMASTER,IYWd1gquWpNh2Wn5Fy40SfdJT3DHDT7KY_vtRzUpFjwIKA,하프실,598,522,480,False,False,False,False
GRANDMASTER,6IkUk0NiXgQU6kGpD4AkGNkZz5dhcVeNfJV7JipHM3OB6Oo,산기대 피바라기,598,1028,1028,False,False,False,False
GRANDMASTER,ULk8MYe_r5Q01dOLgRqa9GaCQHvQ2WEll--Gg2qPFpLSbus,Flawless fan,596,251,142,False,False,False,False
GRANDMASTER,jwQ-uIN9QeOechT-KDMiqkOm92afKJ9xHuvdmTR7NCLUCNU,정화 유체화1,596,638,590,False,False,True,False
GRANDMASTER,c8vzU-IUYdi0A7asN4CspbmVjsFyQ0yf5mkcfIRPaTa-xv8,Row1et,595,569,516,False,False,True,False
GRANDMASTER,WpW5sIyX4vtPmZxBQeeqaE2tZ979d8fgw2B50zbDD1JDOsY,Clearlove9 fans,594,401,315,False,False,False,True
GRANDMASTER,sRYlZrLjNGkXWtBSqRl6_79K2f9LflzIlSZ8wVE7H9j-ipA,HAPPINESS 2020,594,229,186,True,False,False,False
GRANDMASTER,5PRiuiXm0BSgzauLEMmDBwpvaC51-1_wdt0GrRZPRjGS83E,zzworld6,594,1458,1436,True,False,False,False
GRANDMASTER,QqeRHNCbuPX2WSCJWQZNHhvP1-JJfrSaGArDH26Rd36YUs4,Runaway Crush,593,967,950,True,False,False,False
GRANDMASTER,_C3Qm4ccg6BUl-25fxgiYHInXZCkCiAdYObvB3AtD4q-IYs,물컹 안티팬,593,1512,1457,True,False,False,False
GRANDMASTER,F0G1pZOjB6OvLzBnxqTLXF0OcsKZ71y7JzpDTCoJYrRAsp8,죄송합니다2,592,90,52,False,False,False,False
GRANDMASTER,6R09SquTh47iKXyAtPaI1wCEtvpUrtJpljM0ilshUakw4P4,스푸닝 최선영,591,474,469,True,False,False,False
GRANDMASTER,neHd5Mojn2rimD48uXJzlemmuALZVAYKjSMuHuJ7bVFh8wI,dopopo,590,367,268,True,False,False,False
GRANDMASTER,T233IefsRWEeUyhJ-cLkPCOORLb_iWLoi5CrLcYAAKIaTEI,dsdsadsadwgfa,589,219,233,True,False,False,False
GRANDMASTER,IskH-iYLjxIvc2nxqagk7InEMyTsVJK2F1xBP_SwwcRtZkE,집중하면챌린저감,589,362,294,True,False,False,False
GRANDMASTER,G-7nhVT1C8mwnW7-LaqUHYyfWYs_9NHS-Uj-DkP68RJx5Og,DRX Pleata,589,1221,1155,False,False,False,False
GRANDMASTER,37bL9Q3qYRihlx_2_yhjpu5UYiMHsgIGBuwDHop9gziAcmE,외롭다인생,589,808,774,True,False,False,False
GRANDMASTER,zHlJvfxDfDE32_5W06B6WjXzSchiDVXv0owp_wLZx8usBA,JustLikeThatKR,587,362,326,True,False,False,False
GRANDMASTER,1l1JZxJxkEBUJKCjFmSQ2FTgpStwxm6IAyTvRA9qvZGBsxg,kua yy ,587,316,236,False,False,False,False
GRANDMASTER,VVZd4CDiptUZRZLmn2zXFJXizK-1iueTYuyzCVDFfrcVfx0,햄 맛,587,280,182,False,False,False,False
GRANDMASTER,k544iJxEE5JTabq0qnlaIU3UCJw4bRaS7dfB3VfNMcoDvCQ,JingDeZhenY4,585,503,447,True,False,False,False
GRANDMASTER,TfiRBTTa5A888Zk5ApWaf5GIDXUVzHKCCUfx4BHvoSii7qI,강주연,585,457,399,True,False,False,False
GRANDMASTER,eSk8MiyzEB8ox20C-mysyxEhKCC_ApiRkrJGtnEsema2d_8,ji3cl3x04,585,1205,1165,True,False,True,False
GRANDMASTER,TyliBv2we-Puay_DpSgwhPpQsf8eF-AwWWObvSyODSDCRA,바밤바밤바밤빵,585,208,194,True,False,False,True
GRANDMASTER,hkg5y2N6hypRnAcjYkplGdubDUkrpaLKN_NYDcSX9r3it8Q,Kisai sama,585,589,550,True,False,False,False
GRANDMASTER,m6-VsGJuu66uxHB0ip2_2yyq5FsX1UcIOr7kl54mgBsLfM4,금똥왁왁,584,230,197,False,False,False,False
GRANDMASTER,IiKPgDcRZD205pJNQla1BFMEanQ9EX8TMIStq2KzIuE0Qv4,gmjd,584,630,595,True,False,False,False
GRANDMASTER,xc4TUpRKLISxjBdjmeL6ykzArJnc6wStvVmSid5aj0JeXgw,홍 쭈,584,350,312,False,False,False,False
GRANDMASTER,W9tupt5hwawj3B5j71PSvC4I8FSpz1R20OHFG9MGZtSM05c,북쪽의 괴물,583,1492,1511,False,False,True,False
GRANDMASTER,DGT48dk13FufvCIJkQPtWhoc3P3BNYObVgokOQx9d7RZMJs,SKT T1 Gori,583,280,248,False,False,False,False
GRANDMASTER,omhMf6NYsVPQf6trbmFlt5q10mlcMDqbn4UAUkuHUDXOMAc,야둥둥,582,323,302,True,False,False,False
GRANDMASTER,EawlxlXz69nrpX5vOszfWetCvzX10Sc70Y_FXC6Z_u2ZaLU,Yenoh4,581,681,646,True,False,False,True
GRANDMASTER,ic6a_GIhI72Wt2gAtO8wBplKgmX_Ra9uiq1nQM7Ma-_0_j0,Psych0pomP,580,619,548,True,False,False,False
GRANDMASTER,bSf0bRQ9TzGpKL8wJOO1IgIJV4h_773F5saetOojaexp6w,FW luckgame9,579,835,756,False,False,False,True
GRANDMASTER,uDVeXGlLezPUBdCF615RTKccmghzGuz6uOw6Ppsj9YjA6KI,룬레이광팬 애디,578,982,947,False,False,False,False
GRANDMASTER,4WbCA8jsmm6uSkiEbH2mXOvBnHBTvp2EUF6e8RnLPURw8b4,asdf숫자,578,989,968,False,False,True,True
GRANDMASTER,EnRzltczT8szVLpfBwC3WDbprT0dwKluZ0xtfmklm_55NQ,모 모,577,355,318,False,False,False,True
GRANDMASTER,z7n77978BQbYbxOPVGCvskUBKtzgFEhM2ehvfVP8Lta7Tn0,Ada escape,576,226,145,False,False,False,True
GRANDMASTER,jL-FOiJaUbQ0oPd1zEVzPACGixr2G2FyALCAXoTgrfkU6D8,dududududud,576,193,100,False,False,False,False
GRANDMASTER,vxazK58yWnoZM44RhK_SSf4Zb70Tka8KpgXzkEFFr8QQAvE,spurgt,573,139,101,False,False,True,True
GRANDMASTER,CN0M2qwNp6Lbqhr4imvGYtx9IWkNcBH4O2HLQpHVVn0UpTM,pleaseletmeadc,572,123,88,False,False,True,True
GRANDMASTER,PYjMkVYHhy8dTgDYTSF1USx0SCOuuLifSS8fxwESsHbLfg,슈렐리아의사정,572,91,78,False,False,False,False
GRANDMASTER,VHUcKfaxmmuEhwDGVBYcCNAY4wZeosG2B-UgYUn2Da5Q7WM,느 그 갱,572,171,81,True,False,False,False
GRANDMASTER,vP5Nxtobhuh2rwQr7GPagmuKgWhmc2gMM_e4PCLI3tEyZUU,ArtGangg,571,733,738,True,False,False,False
GRANDMASTER,hhBcqMKMQWmYi6h8UOBkytp68ldGVrdyatPnU5L-OCsz4S8,연패 후 연승,570,527,420,True,False,False,True
GRANDMASTER,FFJLx-lF_uwNMxZBrQbpSNJ1UUi3gr2B6Bq1OFISR0URa0c,정훈이는 못말려,569,183,83,False,False,False,False
GRANDMASTER,NxCpHwUuf-pKggfnolb2BxO2dS1ejFJdhL98hQsH7_M893s,Top op line,569,539,476,False,False,False,False
GRANDMASTER,k8xRjieiAvwzIm47lE7GI8HL6E2HpTwpjkl9zgEUwGHzRnU,Dont ping friend,569,1010,958,True,False,False,True
GRANDMASTER,kDcSFq8vG3JxoMHVGEc-GG_AX7mhIcgH7wfdPImFdPx6bLA,자꾸 생각나,569,648,629,True,False,False,False
GRANDMASTER,WMsQnD5VPFK1lA91lybUd97B8vrEL-KWktvQOkOPeA2C4OQ,Nasub,568,271,181,False,False,False,False
GRANDMASTER,fv87KLeChKbhoaqiEEqkGTIRHAPmsTIbMS7vq9F851ayADU,주먹밥쿵야1,567,342,317,True,False,False,False
GRANDMASTER,to2iBJ8q8GOF0vjbcxzRzFf-Y62r9iQ8iuJDWtZqUMhx0Oc,우싹씨,567,462,315,True,False,False,False
GRANDMASTER,2cyDBpmO8LoR4nBaF4RLpCghzGLvqBgmYFmcoCPZsXVK9jc,bietaiyayii,567,295,196,False,False,False,True
GRANDMASTER,PR2h1Upu5D-ztW6Qrzk2qXfhqLsGrV1ry9Oh0Ycq-4Tp5JA,몰래키운아이디,566,198,130,True,False,False,False
GRANDMASTER,053vAJrWPvMyAAOM_J25Hbw13psACAsb8qxifHttgZze5uI,강력 처벌,566,412,302,True,False,False,False
GRANDMASTER,v0nGOfmz8L0PNigwaxxLqVT6JKdgtAx3MwETF5uv0xRMcoQ,DWG A 홍삼,565,653,626,True,False,False,False
GRANDMASTER,Stu1T9GTVWXXDDE7uF1HTjfFRLATVdSDp2nddlh7KEF22rY,Elin9,565,334,245,True,False,False,False
GRANDMASTER,v1yi-IzbrZ-igrlIbIOm-9TEiTaqUOPUrtbyeCOcMFDEDT0,김머딩,565,149,84,False,False,False,False
GRANDMASTER,aDwS9UTyAc_hfGiFmJXaCKphJYeY65uB2aSfhMOag7CsbU0,가위바위보라돌이,564,229,194,True,False,False,False
GRANDMASTER,C9zyK8p-iLCL9eqmKECKIWAoXCaifAv0XGbu4ZAVwrNQDnk,Natuday,563,996,953,False,False,True,True
GRANDMASTER,RtKUrHo_YQnzazRzGj4qbzR2KxpxnCvgu2QNaUN4ouTLWwg,MaKAh,563,381,370,False,False,False,False
GRANDMASTER,ugXGdof4nNHJxknmblIU66MwMj99PkLivPp102QyH82KT1E,그저 꿈이라도,562,1625,1652,True,False,False,False
GRANDMASTER,4SZgGtb05I-Iau7mbW2Bzol0zcQDCw05nPjkJwzpQPl06ag,피카츄I,561,1101,1090,False,False,False,False
GRANDMASTER,d_q3-DO2DjPe0XBBi4E3dyWnd9vnoB_sxw9voKQD03CgX8A,bu bai gei,561,692,583,True,False,False,False
GRANDMASTER,hYQDK0XJ4eKWy31ag75r8zhIpK3ofVK3nqdctBCU-ly9Bxw,Last Summer,560,329,310,False,False,False,False
GRANDMASTER,Kt3fGhiKypZT8HXtj7eia4nLUFwPF_aSEH7VRTDMXUa_3hY,Hit Boxer,560,338,327,True,False,False,False
GRANDMASTER,BxMncWDqsxcYPSCZAVp2AokFVB4SYMC1zH3pRWZ-57FBOow,별 하늘cc,560,555,460,True,False,False,False
GRANDMASTER,kpN418fj2c5Y5jEj_574V65dt8sqIdEZN8NbbW1VFsTLwJo,xmcjfuqicka,559,991,907,False,False,True,False
GRANDMASTER,1_z83HzrsAq-ApERPRRM12saw6Kf4EsGxeI2viXzIL6tMIQ,두더지형님,559,1401,1363,True,False,False,False
GRANDMASTER,V12kinekWe_BLtJf73XMUmI1NLYxnBTvSa27GEtWsScTky0,Beyond184,557,91,75,False,False,True,False
GRANDMASTER,CNA4K6z6bzQrRxTro5x8Y_gkMr47PYt-rZK5TExUYEZ0oEI,sglmyd,557,503,410,False,False,False,False
GRANDMASTER,NtUtn1X2D0BxaeoohLrrVuq27GvQ2EFpzcoGb9yjM07ZXA,hoseng,557,366,327,False,False,False,True
GRANDMASTER,3qgfpBgHoo4UR76hEnYkGNa0voW642deSdKoyGcbLjYoW_M, maoxiandao,556,639,585,False,False,True,False
GRANDMASTER,-hRTnsUAXRBu8SN69AMEi9f2RaMXitv1ouKYZegF_L4sT6s,Brilliant World,556,240,154,False,False,False,False
GRANDMASTER,HQBcgQmf2S3FAaiTTo2hccN3eVswmYXzRJZ99FRmN5_q7yI,esp of 991,555,453,413,False,False,False,False
GRANDMASTER,5CnzzsbCT3oc1o4ijGML4mLfqyGIYWPpKCmEmC_PVDgGwMY,파이팅 해야죠,555,1246,1234,False,False,True,False
GRANDMASTER,lyZYbeUKQnKIT-3ELTSXmCX0gsuveaQy9fwYMeQh6dc8OA,두근두근하트비트,554,868,831,True,False,False,False
GRANDMASTER,aAGeB7rpEWtkrpS8dldQ60PtapFKo1T-RtXCpqnswTi0RQ8,4금빛섬광,554,253,191,True,False,False,False
GRANDMASTER,eHvJaFxyJjZ8uQBlWAACW3nLa_REJbcmQUjYip3K_SkWiQQ,gori팬,554,461,356,True,False,False,False
GRANDMASTER,bkpq4uGoIjcBZ8P35uC4X7T7VGTKqD0Y8NE_xA_wHM6-QQ,오르지 못할 나무,553,560,496,True,False,False,False
GRANDMASTER,21yjVA-z3Oir6ox-KfUouo1p0_BwZYiQVXQoYc5ytB7K6DA,감정 없는 킬러,552,506,431,True,False,False,False
GRANDMASTER,SdlYjakJ8Fs88FQzPrLvrWcRRrZDHBGauLWjxIaSI8bSVAQ,LeeYaGong,550,509,452,True,False,False,False
GRANDMASTER,F5Ybti6wL9WKj-vwJbiK5-9x9VOSt_xsIM4IdlRXqlpgrII,toptoptop19,549,501,407,True,False,False,False
GRANDMASTER,574molDSbUys8zSbcK8VudZNqGyMCzCwUeUESYNrCDJG0Zk,Shadow2015,549,319,220,False,False,True,True
GRANDMASTER,N5cRSyUcUzr89NYFykfkZgdFSE8D_LV80Fo2MkLe61uHcA0,BJ뽀삐에코워윅,548,622,559,True,False,False,False
GRANDMASTER,3WQ4g1etFhCce1o_9AnYy5JY8z-JPmZvwnUBICmwdu8DI2c,BEASTARS1,548,576,559,True,False,False,False
GRANDMASTER,GQIoKNN4k7AbrqoP4lTXrM57ouPQ9EQKu4S4dzTsa4xUmng,미음디귿치읓이응,548,664,651,True,False,False,False
GRANDMASTER,sKQMeq-ywElK54-uiN5yxqqp2gAu00b0mb8gnledLE_sDPE,직스 좀 믿어줘,548,577,532,True,False,False,False
GRANDMASTER,SPG86PMo1Wc_m4W0qCAbXRIZ4OoM63K6UHToip5XS5rIFxA,ChaeWon 00,547,364,286,False,False,False,True
GRANDMASTER,_ghBrgSS-Rb4wILEOrfUnHvYbVzjzrrWifJHoUiE3IYv1xs,Kofks,547,1206,1172,True,False,False,False
GRANDMASTER,QwlOSW-4-Aix9atyzi20X_25UyKKF28HKr9Rioy6XiH-ITg,스킬잘피하는사람,547,519,417,False,False,False,False
GRANDMASTER,pUSvNG5YkGCm5_uSZu8lYMrBip1tbhIkdMSPsS8Ci-a5Qg,쥐 드래곤,547,254,255,False,False,False,False
GRANDMASTER,8zygJhEBZRjXHpsx9p8CPo7wk5Y-zC-Kacgn7OEelVHpe2s,qweasfafewqrt,543,835,832,True,False,False,False
GRANDMASTER,8bZQLlDrsjgvOqNiFXXRIZ_oJ3jbmuw3eAQjEAWERdeWWoU,Gen G 정재,543,1390,1371,True,False,False,False
GRANDMASTER,DEx59XBS6UHqAMWDOIDkoHM4mS3ew2jXeta60C1JF5uoY7k,Wwing,542,528,424,False,False,True,False
GRANDMASTER,b4LMrJfQTsgLOfeXZIJa0nh2grglSyk9t2CvYqJTOLhNge0,NOsFerus,542,308,246,False,False,False,False
GRANDMASTER,69XwvJ5rKQUum8rfZjfTGQGwfR4XVlJMCaWwxqOSJ8m34Mw,오 대 관,541,943,870,False,False,True,False
GRANDMASTER,S1KhbHcppR052xUap99mkNHNPfLnz3-9qkqPzAgzA6hJV-c,신강 베스트 폭도,541,1157,1153,True,False,False,False
GRANDMASTER,oXJISRGlONWzS-ZaOn1DnQBImbh-uoggeL5W5i3DJHrVkA,잼라기,540,250,267,True,False,False,False
GRANDMASTER,w_GA9kjb8P5wn_JOnGKSqydt-Lp98VJDVA0fn6iuz-Ls9Uk,ryzingstar,539,1208,1201,True,False,False,False
GRANDMASTER,vdN3W6xapbv9qQFNW2mFXMHDXcBUYspE76YE5hTCrZNkAX8,Noisave,539,510,496,False,False,False,False
GRANDMASTER,IjcPCBlzQC5Oz8dwKpVessd_pj4vGqgDh1dqY7x7Pqd32fo,우울해서만든아디,538,499,407,False,False,False,False
GRANDMASTER,wl3eWCXwovtgqesro6paNlEXQSH8_w20zN974Ltq07gkVQ,poiuytzxcmnbv,536,601,608,True,False,False,False
GRANDMASTER,158eLmn6NkejKbHCl74NoO6ZLqL556TY8DacqbTC4vqjHYg,TaylorSwift98,536,502,448,True,False,False,False
GRANDMASTER,W9cdYZeXxlU_vXDx6fVx9B-evazW4bOjQrP4qySy1dCHtRk,zxcvzxcvzxcvzx1,535,692,699,False,False,False,False
GRANDMASTER,EfomiO1IkISiBEc_R9AxAOiEJwS_L-f-SCZWbGuslleo608,버스메이커,535,395,335,False,False,False,False
GRANDMASTER,q3dFUiQxZEzbl56ZTVHNwSqtGHvxY6wcijR4Hx3YfzKv_BA,양금초,534,474,475,True,False,False,False
GRANDMASTER,XSgmxRzoYWfhYMXkL0brCtlkishLVpdUS7mxcwhcpL7H6aY,yiquanchaoren,534,963,929,False,False,False,False
GRANDMASTER,PWajQ5eRbOFhQltvk537TqqKMZdmKW8BvLxMoM2vCJNjeNw,DRX IlllIma,533,528,477,False,False,False,False
GRANDMASTER,7YDi3IG0NBRaB9LLv-_yMfH7kJTSugza5yqJXHMiyyM1xvE,BRION CROCO,533,430,377,True,False,False,False
GRANDMASTER,eFxAemhP1b5C5qzsrDAtE8YAOuO5S_dPqML3yxp5muvLJYw,쉔글벙글,533,637,618,False,False,False,False
GRANDMASTER,A9MYZkznwqpoZESy6yNGhUIAZ47xF5gqHzJlqtaV75cXn4I,배려 양보 규칙,533,639,586,True,False,False,False
GRANDMASTER,qE1kfB8LhZeDEvvjZRKfAB-HMv_oR5Egi1i8A1pHdDjFjfE,drxdantalian,532,1020,983,False,False,False,False
GRANDMASTER,Rw2V_ggI_Y3sf6wLEl8lAOyP4u7xM9JdNnROewVsEqpWzgw,sai1to asukA,532,326,250,False,False,False,True
GRANDMASTER,yQTgxNG1Nxi66WhRNhdCjdPzhbfvS0LXu8UKTHPxhmS7gAw,aimi ailun,532,146,59,False,False,True,False
GRANDMASTER,oLrat2Wriij2fpBBFqCo4V3ocIm8ugwbzf2vTcD2cY1sDA,JunSik Bae,531,220,207,False,False,False,False
GRANDMASTER,w4RTkpxA57Jhj_Ymy9M9UoSWUfMHl6zIaPs28E7OhxihVzY,APK HyBriD,530,985,929,True,False,False,False
GRANDMASTER,ku6MFXlGEYsrtX8viNvtbnlSkCz8Uc1VRxB-cNZ8Xee4CbY,SANDBOX TolanD,529,1465,1424,True,False,False,False
GRANDMASTER,fLNRPOc8FwFHjl7Uh0B30rg7vpgiOnsweAV6pjcoPXymvqk,ITZ Mayumi1,529,255,201,False,False,True,False
GRANDMASTER,mqw_e8DsG7RAsJVjKXYoyUS2J8cDzavvN5QUCcUW5aEcvrk,동글동글 완두콩,528,463,372,False,False,False,False
GRANDMASTER,hEHrPyTU6u5ff9D4mbaUJa9JqMqYybvxlj3oQ-ZTgsH_XNQ,Upgrade 할거야,528,648,631,True,False,False,True
GRANDMASTER,UXqcaFfDKg-FqFqdWaF5240s0AOBNj-oBYiQBKJIqqD8JiU,DWG Inspire,528,196,115,False,False,False,False
GRANDMASTER,M_ZMScmDqgIwWzWKRqVHbqVpzhnps2_j-UPJ_WoD_nu8Wg,닭 쳐,527,412,396,False,False,False,False
GRANDMASTER,TnQs3KqcN65uesPwmaSRxobrpoTushm4l1nyIRckDVAZfnQ,울고시퍼,526,392,316,True,False,False,False
GRANDMASTER,0uE-6vDWizEKXhxag5UbVH70EOYSvqWPrLBHgqc5ez-PkA,분홍팬티다리우스,526,433,381,True,False,False,False
GRANDMASTER,kxN8pMlO_PW1w6x2aOvG9_tf8bulUDpAnOrQD1BnU95GGbQ,김머띵,526,150,59,False,False,False,True
GRANDMASTER,0D7if8oRVTJSsmZOHSMeA7t8Vs9xinSOXbcyhkh-MI_UOEo,SAlZY,526,573,555,False,False,False,False
GRANDMASTER,bwFPWX7d15Jws-9hjfjAU810wCLx3zWbimw4mCzw6WaIbVI,김성수1,526,825,847,False,False,False,False
GRANDMASTER,7ztF8l_BES_60eMkEKV40nLIS6RlUmGRqe45nJfsk8tsCzg,L1sure,525,271,247,False,False,False,False
GRANDMASTER,Gx48HyEgyFuhh7i3Il_QPBWC2v7YU_0kJYrTIJvWXzr70aU,나는 너무 졸린다,523,962,953,True,False,False,False
GRANDMASTER,c2b2qIesDstTYlqAp71kXhU-tB83YynM-m8G65oaEBkb_lE,redbluepurple,523,272,215,False,False,True,False
GRANDMASTER,nAq3Fbxtn0Fwfab4UgWiuPfLU8l1khg0A82swtNjNyE-34w,APK HaeSeong,523,586,527,True,False,False,False
GRANDMASTER,OGkySQSFcu2pQBbWcmAQt221FXPTjkCLxpaEXCMIRO42S7U,밍 9,521,518,413,False,False,False,False
GRANDMASTER,FZb_ebVyZflK7t8AVGTZL1xlLTKqcBDcXgtutweYTTGvoQ,날뜩한 칼,521,373,298,False,False,False,False
GRANDMASTER,_Bjw--9Wlxe7dQYW7bjlMrFPH4n7KF-i7PhQSF5tsHrNDMU,Save Youself,521,553,546,False,False,True,False
GRANDMASTER,q2h411_smNP9W1WQf3kAMX7n4mZ2rY4-HtYZnKZPIDeGIoc,Clever7,520,917,875,True,False,False,True
GRANDMASTER,WIV75X13DiGKU1WYUYFynIu_C_RbPaa8rTa_PixonZ9ux6s,greed3,520,802,742,True,False,False,False
GRANDMASTER,rYFY0jMoPWgsMG7ce3B04vX3ksqtVOJgaXR5cvmWw-33l6A,수입뿌드,520,812,717,False,False,True,False
GRANDMASTER,7uB0Q8aWGpNt4IYPa0v3qUdeTbG2lrtH6jLW-aMqtuv3uTo,iliiiliilililil,520,1131,1035,False,False,False,False
GRANDMASTER,tq9aoXdHh4Pi7Zj4SWlWJSkaL-FixNo1UwZcK_DOL4yVdZI,롤오브레전드1234,520,501,439,False,False,False,False
GRANDMASTER,7UrOvU-9L1KCIB5RYMUTfrMPexesSOH1qM9U0dTxB1YJJw,PSG LGD Maybe,520,1093,1086,True,False,False,False
GRANDMASTER,JPVUOeBFXpjqm5nKW9pZzpwlwQp__IfEpyFgT4AtvKE_1w,불다이아,519,227,165,False,False,False,False
GRANDMASTER,7R3aAhFRTmoXjBZC7WfpqiVfE3Ibs8SBGfulAJJ9d7B2Y-g,Dracxar,518,316,282,False,False,False,False
GRANDMASTER,jUoKdL5L5rD8luYJIuCLnXHYsvEpyb621T77MkppC9A50UA,Shu ying,518,463,398,False,False,True,False
GRANDMASTER,9kpW6EatmqeEMTMSxsyKO90ozfGRlBsaVO6QKeMqXwVaN5s,why me so diao,518,641,627,False,False,True,False
GRANDMASTER,DGo68g4TElQfy6SjMyW1RPy-fF8xeBP6rhRsyVn-BPSl7Q,몽키  D 짱구,517,526,489,True,False,False,False
GRANDMASTER,YBJD3MdUNwJxqhn8nc7KgBV-P9FfEz2f1_bun1VUSii8XQ,KaKaoTV 민식박,517,343,295,False,False,False,False
GRANDMASTER,nXKhkeISAMZZNIQLx3P3tlOPJAkgd8iH0s9JOlCe8O0wjA,ssssssssbbbbbbbb,517,543,448,False,False,True,False
GRANDMASTER,eC91MR13kW47YIwfRCylL-jAzEN3PPzaxke_8bgWN4StenA,팀원에게폐가되자,516,798,710,True,False,False,False
GRANDMASTER,IVgWW3nLMMApoebmk9RHDj58-Q6M6xttU-oN-zPy7mWcMKM,마토공주,516,1123,1101,True,False,False,False
GRANDMASTER,Ij9V19HVG4aVH0m9JPUqnIm3VEjioXzRzBQCYNPBBBby21U,인일기벡,516,286,248,False,False,False,False
GRANDMASTER,9avPaDQ09mSENMBmLKDvhk74qFLW5ZxhsSUo-kXsFq1L2Dw,wefkop2332,515,252,201,False,False,False,True
GRANDMASTER,GgIElavISCsopZK1UILMlHnoBqolliFllD0_lVN7Fwg0Zv4,yu he xiongzhang,515,149,59,False,False,False,False
GRANDMASTER,SY4Xc01m0UL7BI5ZchPiYPqRbHvjlFVPhpvmND40H-DhiA,쫌 하는 남자,514,504,433,False,False,False,False
GRANDMASTER,DROVGLOrzXyzWOPL8vFeZOYSGIt8RECrRcV5JkG__1hnYZw,야채부락림,514,63,55,False,False,False,False
GRANDMASTER,av1wWgDN4P6wcHEJX2oqInTdhM9Wo0F-JsiiLUwmzPOnqW0,불 같은 나의사랑,514,261,179,False,False,False,False
GRANDMASTER,B_iSPM7Pte4rk5Fcsq10aSWvxLv5CPssVBn7L3Vyo3Y8h-k,Sophist Sage,514,237,126,False,False,True,False
GRANDMASTER,On2RV3nUuIUlFuKeOVSq9I0OqM9QdvveEAg3rYvSdUSQLLw,KeSPA,514,690,638,True,False,False,False
GRANDMASTER,GibDACiINu_0TQ9EphFBk8eigA9w3BteBoNM_VjE9aNhaT0,울다 나는,513,246,135,False,False,False,False
GRANDMASTER,R6CN_1EFXTXRRt799AxKShz8Nnqw3-UNHVU-NffH8hG-WGk,진쏘뤼,512,455,405,False,False,False,False
GRANDMASTER,CK8qZmBtjltNI7sXx_FE9gHb7We3e9UsmKt0a3VhgZhCGTQ,이도류,512,906,925,False,False,True,False
GRANDMASTER,4R_tbyIL4XFTq8X-s_oyyI-grSjBf4QxokmM1SB_AJrBg0g,케구리중사개로리,512,647,638,True,False,False,False
GRANDMASTER,ppKRT5DgEmC3o2XupSrHpuZsD5NLZLDXSKNhMHY-OS7ylg,Decomposition,510,841,787,False,False,False,False
GRANDMASTER,Y5MLz7gvPC6S0X8H9snlwQbu1V42p7xTixYpv-Orkq93BsM,오명중일명,509,899,803,True,False,False,False
GRANDMASTER,6C7hUcZbQVR5oHQhZeA-wVj_4n6lwECF3tEKd6z6mYB_sQ8,YzzsCwtz,509,1026,1001,True,False,False,False
GRANDMASTER,Gs3hpgGz7N_X6yjzrqQUE-V75ubZ3n3O_Xv5cm9cJoByGU0,Remika,508,685,638,True,False,False,False
GRANDMASTER,_RdJPHUWFLkcXy9GuUvZwgDG0_t41VfvctStfmv_O0MJwvQ,상상해봐 내 wink,508,308,291,False,False,False,False
GRANDMASTER,J-LHDHyqoTb_wnt2U3okO1eyZ_9VXLaaULU7r3hK3tzSDw,쇼진삭제취소제발,508,473,413,False,False,False,False
GRANDMASTER,RtoSzQE7VPgW8k_Cta2-Z7Y-xkXIwc362xJzYHQ_yuxmSWs,happy   game ,508,1151,1100,True,False,False,False
GRANDMASTER,gVGWtNf8G6v5Ce6S_SS_taMhi4K-22R_c7fdzFp6Mq9QFA0,zyxnsb,507,346,249,False,False,False,False
GRANDMASTER,VUTru19QD5D3e3OaRC2Z2LiBkgNGf4MnVxv3oaPXhRZ8Ljs,새루는 죽었다,507,278,228,True,False,False,False
GRANDMASTER,8W_gvwxcaips_Itj1OyX4-MpjT1_M7Ut0KgK1xXubMar5g,Sweet Dreams 0,506,294,276,True,False,False,False
GRANDMASTER,-vnsbU_idct-M1hqkvctKMWdzN2xa_acAMDdohiI1Q8Vj5U,Kerberos Go Sky,506,985,868,False,False,False,False
GRANDMASTER,8bVsIDTA33eBIdf_w9DpUyDIxKZiWo1LGhQQ3icFOqfOYic,wo wo tou ,505,429,331,False,False,True,False
GRANDMASTER,c8Vju-3JHjZiLHeYwk7VD9GSKQBrhboZDARf1M4apGhXfFA,유달산 번데기,504,586,502,False,False,False,False
GRANDMASTER,sWshA_kD-3RiH4_eF2FH33eSFZrGaPlhYZbhjvrqQw8q7Q,4seidon,504,264,271,False,False,False,False
GRANDMASTER,10BGQJP2MRhhUN2Keodg7p8-LXxbrjrFNaKW9H9_9TYSaa4,ihihihihifg,504,558,465,False,False,True,True
GRANDMASTER,B80w3VL335__ErU5oOSCnivqzeO1IxUAe0qoCZdeIRgtCQ,버느마누,504,793,738,False,False,False,True
GRANDMASTER,2YfazJ4Ejvw9AT5vFUEVgP3Fizx8J-nQhIj3zA_uqrIBKek,SANDBOX Ice,503,1082,997,True,False,False,False
GRANDMASTER,OZ6Q1bxoo3x-UWOHslUn3L8X5bLhMfua7I--2LR-mi0uXmU,BF백룡,503,230,190,False,False,False,False
GRANDMASTER,plvUf0zl6g8gor2vKF1W7_zSqUwVf1Bm4j6vReY4oJs43Rc,Lucile,501,361,254,False,False,False,False
GRANDMASTER,c92LWNpzFXzgqFRAnqFQZ5HL8Gg42X9OAL24WW4UOPPWEWk,niubaichuan,501,792,650,True,False,False,True
GRANDMASTER,Pcp2RNU8M0N02BizdjotWIG3H2Es8YGRfQtIqUi36jEG9bE,poiqweuioa,501,1000,985,True,False,False,False
GRANDMASTER,nAVWKyvCW5XbYAfxmAPG2eNgRaiojsqlxNThiY02qbv73mA,Gen G Neat,501,1186,1117,True,False,False,False
GRANDMASTER,Sd7Jss6p7XpoEdoHFc-OQiaa6nE_45jgcYMiHIonkP_w6lo,2대3 마인드,501,1082,1039,True,False,False,False
GRANDMASTER,-TkDkzIfqLIKt54sfFtFSoLaXwkXrmpb2gw3AUIdO2Fqww,냐암1,501,790,755,False,False,False,False
GRANDMASTER,u03asv0bovpK9wy4pcarEs5cegSHCY8_XCYgaeXKxCDFic4,권희원뚱돼지,501,110,28,False,False,True,False
GRANDMASTER,QifNF2hUcZ2OFacrewxKraCADvAQvinjOw8PKMUBKeQyJQ,RsF pi9,500,300,251,False,False,False,False
GRANDMASTER,R53NOq73mOtZmivmKd2qWhLNJ--4OKBJvG0kZl6zNGySopQ,Eminem  2Pac,500,319,229,False,False,False,False
GRANDMASTER,UrRT1DEkqOmVC-JHcNv4dHLghKP_HrvdVqw1TKldVAGkIZI,zxcrawqcx,499,581,521,False,False,False,False
GRANDMASTER,KgHVseP-lLAFTlE_qet8XwJtYZfvyYhlt7GKx5iR8XXH5Z0,으악윽엑,498,306,285,True,False,False,False
GRANDMASTER,igBmY1lZ_2Su5p0l1p_KT_PvXeYmLnAeBqQ0KdSM7v_1VZM,샤오 쑤,497,1471,1453,True,False,False,False
GRANDMASTER,cGQ_nY0oTg7eYf_oVneI66nQqlfj-GJqMA9f0_NafdedbUY,1874,497,1235,1214,True,False,False,False
GRANDMASTER,_LvCur492UItL_SWFlwjqWtJnFZvQui8PkGTIToHoDUmZA,Athena1,496,779,788,True,False,False,False
GRANDMASTER,u5ftOh1kCQkK1VYOujI0hbg5tG9yiqQ82ogwQRKKnKvgOKk,문명 소질 의뚱보,495,354,262,True,False,False,True
GRANDMASTER,SoYUi-bqUbx5qrhZn7MTidzzgEiFthPo5fc_JH-Yl97zHJI,PCS JG,495,412,370,True,False,False,False
GRANDMASTER,OV_KJ0pxy5uTZPrnBop0Dm6_2SO0jwkbhqZy2kHS09X3Wfk,골목대장 태훈이,495,225,216,True,False,False,False
GRANDMASTER,RVp-Wz5N6zRakceVHMkPGknef0JL1HABHVeJufVhqgrA2Q,1게임 1분석,494,717,701,True,False,False,False
GRANDMASTER,kAVdkuYFVHvXVdMDfbARQc2Wv5uHZYHPw0osy_rtqARfybs,정은아무의미없다,494,126,121,True,False,False,False
GRANDMASTER,r1HjnN8PZCOL75qBVwfDKGof1L5IENM1Ffhayf_HEKJ0MR0,hlc,493,2011,1966,True,False,False,False
GRANDMASTER,OzBuBoxYSKMLovATb2dp3ybosIKAgw8hbHvTjhKpxa69LIo,Autumn Street,493,721,685,False,False,True,False
GRANDMASTER,Q9S9dNER7YExTQGfgp0Azd-kSFOZ9E6AIZn3VYmYtBJBOdo,몽상 스퍼트파,492,337,225,False,False,True,False
GRANDMASTER,BMO1Wi4FEsXBGl4wvxXbXsQo-fYxARFlHMI4-GZ7r1u-jA,큐티뽀짝우기,492,542,483,False,False,True,False
GRANDMASTER,McMzLOyeWzwlgOntnKhfoK1L-TvbxpG53gRUFfymtkOnF-g,SaltfishKing,491,1048,1056,False,False,False,False
GRANDMASTER,-DdmeqSWj8ZeYBynNlLTXKOhApwOrarlc4zL9I-sWfT37WQ,raindrcp,491,221,186,True,False,False,False
GRANDMASTER,jp5eT9ONL8WylE_UI-6iohcgcXhhB3kTqg4SlYIToQ1kysQ,돼지고기삼형재,491,526,518,False,False,False,False
GRANDMASTER,g9jtRgApKibV08ANgp8i1RCc6QpLFbxrggzzFYoMFo6R0dA,idk player,489,78,51,False,False,False,True
GRANDMASTER,g6N0VSaaqvmDJNOirgEafhXPDAONubqeYAoGCHuDDvDgKBk,Blitzkrieg Bop,487,339,229,False,False,False,False
GRANDMASTER,pZpxkBY1w8z_fao2i4LzgbE0KE22iNCD6HPT4w7YEP6ZnDQ,zgwdxwb,486,787,692,False,False,True,False
GRANDMASTER,lGlGA4K9wkwrWwvGWQfDgCGVU2WCAlQ5Tdzl9CdwTAeitlM,Hqy,486,1262,1240,True,False,False,False
GRANDMASTER,z3DhORJJF5_Mpr0PEuRIhkuSF5osQdNEzM0tuPtJZmbEgQs,담원 FIame,485,1376,1393,False,False,True,True
GRANDMASTER,ZY56Wq5rcsgv5HxEvxp-GSLJzsR1TorbwUjtq47k5tRbyZs,현우키우기1,485,715,687,False,False,False,False
GRANDMASTER,cgTD6eBB5BfpVc4nugJRSWFBc0juRbyPnaFGMnxR1r5N82E,Sniv,484,1133,1140,True,False,False,False
GRANDMASTER,a52SfsN07WMU2PTKu3wE7xCmLakqUmqSVAjtwUjgYYIkAQI,유준나,484,513,474,False,False,False,False
GRANDMASTER,nRLmjui8hkTxcs6PACvkKhO2Y7XAGOkTTJb4Jx4vtMOa3g,Eyes,483,1112,1077,False,False,False,False
GRANDMASTER,Upp825kCSEqvYPO0RN0ASTLKWf1H8HW39h0Mnv0kPIcSeg,Fa ryan,483,636,646,False,False,False,False
GRANDMASTER,UL0_lxMSEi1Y74Q4VnJ8D3WzXdCTOjdyhwYA3QDM571kIWw,zi존china,483,599,503,True,False,False,False
GRANDMASTER,O3z3K_Pcq3qcgkpEClua8D0n_tK8HGcDugUinA2M3Aw7mbE,믄똥왁왁,483,1007,1005,False,False,False,False
GRANDMASTER,8bza_kiCwmk5YUCTl1fmHpy_mEMUrS4Fdra4heZuw5w2jg,한화 큐베,483,1116,1131,True,False,False,False
GRANDMASTER,XSYZeJ8RhU9ZgFM2O4tn4qx-GOjCvEZUmjrtF4JcgMSTGxg,P L Xxx,482,1297,1264,True,False,False,False
GRANDMASTER,nwukA6cMu4v8AcAoDyxOg1XvNHP2pbJ5BnN4NuQlpKBf_Uw,현 솔,482,330,238,True,False,False,False
GRANDMASTER,H1FoVC1LLNvkm9nRN3WkryCsi7yVDAX65KXV1oF0YkBk0g,세체닭가슴살,482,183,188,True,False,False,False
GRANDMASTER,NtqmcA_ghFnZhDl19ngrpwhXYeUn4vuovirbzYrxMZbEyOc,갱플랭크 서폿,482,157,99,False,False,False,True
GRANDMASTER,2jN1X1ehXk_EYti40NQfRYFx6YCdm3RqeWKUFdgJBGDZaQ,Ola pessoal,482,544,550,False,False,True,False
GRANDMASTER,7Nx9HPmCvhdASGtqTmw3h_jLEm5ZOOaQ7ziDkB3AeFV4PN8,MFOP,481,474,472,True,False,False,False
GRANDMASTER,PU9-B-qvs92UmVbbk-13pw57JoY0V7KFgYGkEpoLBTIclg,30624700,481,905,919,True,False,False,False
GRANDMASTER,ud9l-kS703Qev-sKZlpzX6XGU7XZsD0tDLQ-Ei1XNZJu5-Y,hard sad,481,783,744,True,False,False,False
GRANDMASTER,H4dfmcck9_6FzAbxxNuSnxmM8fYKeFjTZZnPIh7cFdgq9xM,항복 왕좌,480,634,543,False,False,True,False
GRANDMASTER,uPSXkNmaIFr_cA0nBNZ7AFiIztjY9jO014gYTNGQsJxh8m4,jin zhi tao wa,479,308,285,True,False,False,False
GRANDMASTER,tDuhjJNqe-byixtEe_QJFOJRTKwjC-Mb3Uzs7aSV9DoCbks,sundayscomemeda,479,570,476,True,False,False,False
GRANDMASTER,odtSZeF9w0CKjOUhcrW_9JgI_gYpTCT-thWoWPGGQEI8-G8,최고의 고수,479,618,530,True,False,False,False
GRANDMASTER,tIOcNtKp6EDpHvCqNCavMxaRH6UQirP2BAEoNkJVcp1QblA,샤크샤장,479,230,202,False,False,False,False
GRANDMASTER,OnLr-PYIAyuiLQtVmFVJm1_hIOlLmDN8SuFF0lKklKP5aOg,MIDKINGFANS,479,724,716,False,False,False,False
GRANDMASTER,BVHnc5CUju77ZhsNJjIhhbo6Gsg1KCWK-WDe1m3B-6qsJ6Q,욕받이서포터1,478,645,598,False,False,False,False
GRANDMASTER,LRwftMUweEAsGqr5RBiLER3tAP19_QaZCSOFsPDve2Z12JQ,e le  kun kun o ,478,1106,1095,False,False,True,False
GRANDMASTER,7hhNkDFUHgPLfhhY-GLh_AKisDE_EAxWiWJRaNdwebhziKI,ymggklk,478,424,333,True,False,False,False
GRANDMASTER,NXl8tyC6D1XEhorms3zMPfFkbv6oXtbxVvo2c8GzRyQjd6s,sdakljlk,478,655,608,False,False,True,True
GRANDMASTER,ZAwgN70U7hRZZYup5cOi5-iTjt3oT4DM7wUO26bdPG9YF-A,1wancibeishang,476,449,353,True,False,False,False
GRANDMASTER,DU46kLge3QHYYaCZWvBbUu-8LZAtSDmc01FjgydCcrvm7Q,넥넷피한,476,385,343,False,False,False,False
GRANDMASTER,RvKt9zVO5J90_-J1yw4WjXVVfoTAZl-E3VrOj-9Xx1ierC4,bugaoxing,475,457,374,True,False,False,False
GRANDMASTER,A6eyD80mBJYY5YNQiGMZZ1sX-Ov4VwNFnkpgJp7yKwf6op4,다시일어나,475,525,462,True,False,False,False
GRANDMASTER,GqUxqPTppeKqlkR5I9uHAmx2YsrhazWUOuOEX1yxLfOc5A,DWG 2Hyeon,475,732,733,True,False,False,False
GRANDMASTER,DH5N2B4p9vvmx62LG-wq0GT4_m-oJdD0n1t53ihZARkc5ww,tiaopigui,473,1066,1043,False,False,False,False
GRANDMASTER,rY0kFunWALwawOMxdLnPGE7duATkP0SMIP6BnpHPAdsk2L4,좀비맨,473,269,266,False,False,False,False
GRANDMASTER,6RTYADKY1A3uDgxpH-facsSLhFit-y7p1UDrmITwPVooArk,콜르키,472,383,357,False,False,False,False
GRANDMASTER,gbyeYmI4xhCxVKdZY8V8GbduFZrEVacNLQqEbvL3UJptRFU,gnujoymgnoh,472,729,725,False,False,True,False
GRANDMASTER,n3zUE_FxX9fMjC-64VK-DG_oXrfknuF3j3tRba_-pSg2e40,T1 Remy,472,809,764,True,False,False,False
GRANDMASTER,f6of2p2JSVngTTwG8f-rQHaOJ6KX_895vhnYphYFhH4-4Gc,안산사는 김예림,472,352,265,False,False,True,True
GRANDMASTER,_Ff3-9KkBguHgSnWqYW6KcZWKijDT7A8Im4qMtWSdhLveoo,lIIIlllIlIIIl,472,1095,1043,False,False,True,False
GRANDMASTER,72lHueR7ZOk2ajDEwMCFKzEE7IRh4ZqoqkRq84VcZOEurqY,cute aqin,471,245,158,False,False,True,False
GRANDMASTER,vCHlsoadaKX0NtKfOvNZgu_iRhLcSrZB75flHRst0jEwvsA,T1 Force,471,378,277,False,False,False,False
GRANDMASTER,tkknva-2AfPOvYSbbqI-8Hv3FmJRmFGBzmc2Mxttze-nVO4,dogdogdogdog,471,1287,1255,False,False,False,False
GRANDMASTER,3qiZ_5YH7A_mmhQ2DxjFQCRzC1cMRBvPGIArXku4RMCIDX8,구어글플레스토어,469,713,713,True,False,False,False
GRANDMASTER,qkvtB8FUsgLG9RJRNXUoQXVHvuCzabD0HVfsUuexfWULUQ,콜라없인못살아,469,329,312,True,False,False,False
GRANDMASTER,pc6AHpx6048_k4ax6JADe0BfDlLOFUzMdT-GeQTCVtAeUg,EfforTnT,469,511,514,False,False,True,False
GRANDMASTER,9fHKk6jGsI1g_GV6ww20zzD5rceNK7Ihw_SW54VuamrlJlU,장래희망슈퍼스타,468,210,166,False,False,False,False
GRANDMASTER,pyAailnKCwJeEhtTf4njICr14oaTFMKynjDo1ZgEsXzUZMU,5unrise,468,890,807,False,False,True,False
GRANDMASTER,S8O0vGPG5ZVoFNGaWLkg3iBWcd42WZRtIeP8xF1E-44Hmds,치타는 지쳐있다,468,225,181,True,False,False,False
GRANDMASTER,h0BhsSsRU0MIbRmg7Xeleel5o1sfy0U_xQZ7VDpSdUzplFo,MeetmeinToronto,468,359,338,False,False,False,True
GRANDMASTER,C47QZitjmfbCODcZGPkVLvXaINzKu93zmAEo7cdYwt5Jf1U,나를 지우다,467,302,210,True,False,False,False
GRANDMASTER,9TiJMz1inysNjeIskBBjpfqrwoejLwEuwHjzCxfuhlQPLUM,고랭지당근왕,467,234,199,False,False,False,False
GRANDMASTER,7LVo1RkSrCrj_ZZ7xjFRbZtdmriKQ8CPe3bsYmGqwgvgXlw,Sexiness,466,259,170,True,False,False,False
GRANDMASTER,Tw0myigcDvhP-F4cJ_EoLK2POQs21QjSH-31c3C8DYIZPcs,하루32게임,466,305,258,True,False,False,False
GRANDMASTER,rJQNdpfUsyeMdJHLvuPN0eo0b3lyNW6FqDG_5w1h4sHc4w,신 곤,464,362,314,False,False,False,False
GRANDMASTER,yk-lin2uvvHUMYc6d-cZPvg9Rzycc55FZj1u8HpseJ36cfc,선생님 죄송해요,463,225,147,False,False,False,False
GRANDMASTER,vgcIvdaGdQ_fMXDxQPnF4b6v75XpyT4A_naohrpDQWcn51g,사랑한다정휘인,463,267,264,False,False,False,False
GRANDMASTER,ibprg8xUWOhvfOGFMec1fHlu-7DLD4CTaG-ipfiq03wd77k,LOOK ME 1V2,463,512,426,False,False,False,False
GRANDMASTER,linhkj5TOclvX29rOmcvwgb_dj-Oope_hIFUdej7Gw3WJBM,Jigsaw910,463,735,710,False,False,True,False
GRANDMASTER,-XVvUUrNfWgp-GSaU1MuqLuAjc8EAnN5az7ZBErZ8r-oww,QnQ,462,279,222,True,False,False,False
GRANDMASTER,cPznmFLBXopbEZKmrG-RBXNL20vK3EMIU2Eeke7RkulV8vA,wangejiba,462,1005,1003,False,False,True,False
GRANDMASTER,YTbCtDwXPxjDmjXge_-AeTjMDziybf-UdHT_9ljgH0S6OzQ,바론먹는성계,462,936,880,False,False,False,False
GRANDMASTER,Zf1R8Rto14ipGFHlZNu_OpjoYgQM8Fgb2QDxCwLDeVQd41A,잔나님,461,323,271,True,False,False,False
GRANDMASTER,qtlJfXd7x4kseJpWKLLEXZLORJUmqAw690PMjJk4mM8LZYA,DRX Bella,461,344,258,False,False,False,False
GRANDMASTER,vuhptsFrQOPJtZmy9n2eCyVQuqK3g7ojWiWKAyi0elCXbeY,영리한 소년,460,402,317,False,False,False,False
GRANDMASTER,0BmGnRVDg231uEG3i8rBKL4kO5d-4_HQZ-CGyjgqnZEXKA,양누피808,460,589,557,False,False,True,False
GRANDMASTER,SVdu7edzXfD4C7eT8kB9CmLUD8ijIdkmB13C3NMOlsF-rOY,ad20,459,521,505,True,False,False,False
GRANDMASTER,W3pJyIbEjhWDPtGUIEhQIDI4UPn39dBcB9NsE4n72gfLnqM,황금고블린10,459,1047,1040,False,False,True,True
GRANDMASTER,FQKoeBAuoZIGq4dXGNRO70t6z8HFFOH2P68k4WicQQs7gKs,넌확실히강해졌다,459,411,391,False,False,False,False
GRANDMASTER,zhELkg3_lmU3mZn6Wnn7pLi_20M2F3CzMaPt8XDoHUdFqg,렝가프로지망생,459,398,339,False,False,True,False
GRANDMASTER,XWfpUb-kTCNODZKxI_uB7KM8WQ_lw9u0WNnmQf-YgNz36w,요플래,459,534,534,True,False,False,False
GRANDMASTER,GTY0gd7lsMy7iG0LlCeH7h5In4ukKs3jHuhvvPfQ5UKwUmk,Cheoli,458,359,306,True,False,False,False
GRANDMASTER,SYueZCaaUmx4ExOHfhOpT-KZF-UzUVB7Tmb__Ozg3y5TM-s,At the edge,458,1012,967,False,False,True,False
GRANDMASTER,_tdb21aGqO9HmyblS7A8EDWupW6kQqsS1u3T8iS2-7s4nlI,cewdqf,458,383,288,False,False,True,False
GRANDMASTER,htArvUUGhKrpA8pWbJDIiYK4OPhYh3YHcyoQTsQdMGUD-CQ,애완바위게,458,573,583,True,False,False,False
GRANDMASTER,TyidR7_i1RwibeQM_v_blkiMw9I9sjexdGdBOm_vcL-R9WY,목당기고허리피자,457,103,53,False,False,False,True
GRANDMASTER,04Q159z5vT5bW5xXJ7N2xUvG8m2U1Yq18918FMuKRFkUDQ,통실통실 털뭉치,457,535,542,False,False,True,False
GRANDMASTER,lTVTP9ikC5ImwoY_CsffrQrRQDeSYsEx24v7RKMsYo4uRZ0,hongquanlu38xian,457,915,878,False,False,True,True
GRANDMASTER,6YBA842A6F6gsoVr2KKfGW9kBkVrfR9tFDXOwaOKFp_Luio,수수께끼고기덮밥,457,657,620,False,False,True,False
GRANDMASTER,bBepd9UJ7IrZ-MCBLfWKynPJNCg3Cjaz_n2_olK5rPUxXMk,xihuan daye,456,544,482,False,False,False,True
GRANDMASTER,w92NpvdBvq-W3fFosrpHtCYzW6dPPMw0b3swg3wzBOOdVwc,RoetemOvO,456,187,158,False,False,False,False
GRANDMASTER,32BVtsX_vx9kGeaptF0Mpr565Jobi5sZFTKsxzB68r9c0cY,FA Veritas,456,608,558,True,False,False,False
GRANDMASTER,7pEhz8xt6SF0xDwtuoJl1Gd1ukjfFGoml9Pmsfxo474h5Fk,ku luo qi boy,456,299,208,False,False,True,False
GRANDMASTER,blP9m-RMIhIOlk4m3TnqPIIQIoqgfe2lYqfVOggKtdDrCWk,끌라우즈,456,402,381,False,False,True,True
GRANDMASTER,1jIAunk1ZlYB1kX7_VbhbSoqJAsHwkL9-qepoHB1zCWf6co,Toby Dreamditch,455,120,111,True,False,False,False
GRANDMASTER,x_rj0n35O66HdBwC6wLXJQ-lguuJhJk50Enamqfb3uqSPIY,Xialu Plz,455,184,160,False,False,False,False
GRANDMASTER,eLjcBGK8ja8NNRWwwrULEJ5720ZA8m00NqGqYBN4cnH7Dds,hfubVHDVuAWVF ,455,310,243,False,False,False,False
GRANDMASTER,RiLWlBpmMAPBU9qOjJnrVlKk_LkGfRKxsiKn-dT4hRfGsg,자메이카흑인,454,1129,1099,False,False,True,True
GRANDMASTER,d8zZgin6NbXlBIymKjMYSPYgOpIReYaTqPQkrgem-OJejGY,박슬온,453,476,405,True,False,False,False
GRANDMASTER,v_qY4x-0vngLdY4fYgFaOcZEDZSG3jN_jxq1qNA7ffbGThg,Weetea,453,599,593,False,False,False,False
GRANDMASTER,PVF_6rhPEcNf8oovZJphmXLt83zSVYoCTFp96aWbyMqC_Qc,몸이 좋지 않다,452,376,292,False,False,True,False
GRANDMASTER,Zt68hFAdKSEabxGqyYW7BOggtE9z47vB9XMMeGEmuu_lA2Y,이기고 어요,452,1043,1048,False,False,True,False
GRANDMASTER,ehxz2Ox00L97Y9xbWmwrCULqBCLlStkzu7xP_q-MSr9OHM8,kakakk,451,382,331,False,False,True,False
GRANDMASTER,8UYH1RgJZ45T3DJ5Izj3Zs_sICw8etxqmlpONJ-Nbwh5RA,타락한 밍구,450,959,916,False,False,True,False
GRANDMASTER,Zc0yyu1bUqlsg9If4ToI96ny14byentQYqVMXoeoA-m1tN0,무질량,450,408,368,False,False,False,True
GRANDMASTER,vp1dFniV5Y7m4Vz7bkCHnNyPdaqbTM_Jan8cU-EAyIUKJn4,Warma xD,449,1882,1901,True,False,False,False
GRANDMASTER,pJNVqTVnGgu0k00_UGhNYVwAESIYt3wNi8ndDCP6mXBYRps,SK Dreams,448,140,127,False,False,False,False
GRANDMASTER,dgE0fgBGl9MN3BARMwvlSHXt0BwkaNj8zgmBq6anEndFTxo,뿡이요,447,956,949,False,False,True,True
GRANDMASTER,Gt2oSfd3lULa99CvqdiIP_plGC8yYhN9EMdDEVIcn9zmT_M,식음전폐,446,1080,1065,True,False,False,True
GRANDMASTER,aN28RiqkEtSUHzh8H5Pfx_DUjT2F524sH55AW_RIG7ToOjo,JAYCEKING,446,382,346,False,False,False,False
GRANDMASTER,iVlVd86j-v0j6nu7_5nGp54hXpbk3ESRY-S31vfjTJUYbLc,tes faker,446,507,425,False,False,True,False
GRANDMASTER,f5r7p1c5lc4udR65csn_3ElazPAJbBysvEPCip-7-o9TqUA,qkb,446,920,838,False,False,True,True
GRANDMASTER,gsHqQFY3cYDidGqsilG-_aiJQ2FW-JtDsWyKN-YmtJeQaYs,헤이스트의 영혼,446,923,882,False,False,False,False
GRANDMASTER,zpdAxMddZOCEmoqzc3ZsyG4Vvm5neAEJqvszTR6potQwkfU,원시챔피언,445,264,166,False,False,False,False
GRANDMASTER,eg2rIbWHDXgdRtzTAECg7SGykivb4VGb35fgZJfYGdW5kCY,짖어라 너는,445,573,529,False,False,False,False
GRANDMASTER,Sb_DNeaJCQqTyu8t2GLI_Ff6odGyYx_4ptoZd0E9dbIzQw,H0R0,445,325,279,True,False,False,False
GRANDMASTER,z2VYMkoEE4yGD8CDMZEGuquu8C4-Gdcn_J5V8FmzOk5gDa0,배려97,444,261,165,False,False,True,False
GRANDMASTER,6WpIQCMSWexolz2_WLjzlidcvefCOeVKNAMvgNLhnSXjaZ4,춤추자,444,409,301,False,False,True,False
GRANDMASTER,u9WeP3DurD2xLfie6BKZYT8VTFaNKKFHccdhVR7xPkfWKl8,sdnjqwexxzjbae,443,279,251,True,False,False,False
GRANDMASTER,drAqfiVkRZ9swc3CiJCzbwxgqenCYJaxXOcK75rS0EYnUAs,Teddy99,442,819,768,False,False,False,False
GRANDMASTER,eOA8Z5f6BVkAwVumcc-a7Vj9DtY9C4YP0wlAEqXQ4TOZRe8,Rng2019LST,441,211,113,False,False,True,False
GRANDMASTER,VBmPPuJSt8XTNlm0YvXa7TETQO7GL0sOc9kL9wXA59sqSMk,현실와꾸강동원,441,942,864,False,False,False,False
GRANDMASTER,TTuVZC7x9NHOcNxZRxeJNN-7TZevpQijth-WfWp7xJ9Q_NI,다음샴푸는너야,440,106,80,False,False,False,False
GRANDMASTER,gSf6ovmDks316i6T2_PBeLmmoaYyesuQsqiJQJ9LFE3kiw,M2mic,440,324,312,False,False,True,True
GRANDMASTER,E4ix-cEehCSke9eQ1RaPK7elp5uBjxqjn8SNnVGNmgpt_wg,T1  AK,439,1843,1917,False,False,True,True
GRANDMASTER,lFKA1X-WwVTQkjuoaPVL44I_a3fcNXF0teVFN-Pf5C8vWw,알쿵이달쿵,439,217,167,False,False,False,True
GRANDMASTER,eC5l9GzGuKeeMBldUfkpSnvDmP4KU3md29NErBt9lcMrVUU,깡찬밥,439,244,149,True,False,False,False
GRANDMASTER,9tLBt39irJp4BOolgayK6Z3s_XNqgkHd62xSXlnyh-ASYw,Lee 석현,438,421,372,False,False,False,False
GRANDMASTER,jZhR46TZY1EgpsuZyaNhzKdYePDz94l1Xpgpbip4mfYxhw,쿵야 놀이동산,437,494,456,False,False,False,False
GRANDMASTER,eMxbp8hCs7X9yOjROKGdunld-F9ClOyKkh7U-WwV5MErUXw,In my kingdom,434,382,306,False,False,True,False
GRANDMASTER,R0LvRIXUpRaJM4qwOqd36U2CqBlxJFd_aJwmEcpGBq2hkAg,aabbcc123,434,536,515,False,False,False,False
GRANDMASTER,V6KAdn3ZqiNBU_twqDNWAo7qQqnJkqZwQOWIAA1nL8qcd2M,songdongye,434,1355,1300,True,False,False,False
GRANDMASTER,gOoe5CoawgP28GaI-JujvqxQlT1jepP8tsUMBKP4MXfW5g,APK Flawless,433,1242,1244,False,False,False,False
GRANDMASTER,2KyvD6GXPe9cT32taFNRNEsMaolMTjVIMYS_29__M6VSlyY,알수있음맨,432,753,647,False,False,True,False
GRANDMASTER,nSS0TT7FQpbQEbqFOZj1qr904FzSIOkpRsN0Vwblpz6n0rA,건어물 여동생,431,282,223,False,False,True,True
GRANDMASTER,jCvIPUnbgJDIbvGeA3wvZUKt_5voCfzvU10cWUXaB1a6hNw,hewon,431,430,338,False,False,True,False
GRANDMASTER,ym_Enqg9OE4GArGdMbkbyNf-JPB3361mHbl1-PQ7DLnGjNo,Anonymous1,431,171,129,False,False,False,False
GRANDMASTER,KdmNXaOHY4N8C_2mY5Xqi9vLHV7EhnkrESMCTrv9cZI4op0,BRION Doil,431,838,747,True,False,False,False
GRANDMASTER,z6BdWkMpyZbzDIFImhSLyQFy-QGKn-EathjcbUp8e3SH54w,3레벨 바텀다이브,430,1157,1107,False,False,True,False
GRANDMASTER,uGDD4BhgoXmNliT4LQD39a88R3yvGQTeMGAaIFbmi8VQLkk,qmn,430,402,372,False,False,False,False
GRANDMASTER,8tMk45ymBvoISr9EMSMP9dmdHoPHSSnhoI6ky5yS-1XfEp0,qiaqia,430,902,824,True,False,False,False
GRANDMASTER,MVW0WkP74NfvWetMxnITcc-_PGJlkw2Ctop8x7ubVYDKaw,드림캐쳐 데자부,430,266,254,False,False,False,False
GRANDMASTER,LGhvdju0zjDlZcYxKTJ-lGcbA8Qrsx44VXKeJt02ocmJHSc,최고다우빡,430,621,585,False,False,True,False
GRANDMASTER,g_1ix7drUNoY4dUchs4WCTyujqXpts07v8DzRFWfdgCK7qw,Hypar,429,170,80,False,False,True,False
GRANDMASTER,91iQhU5SqA1z6hTuPfLdCItDiYlw4GnN3gPgRW-tBYbrFGo,SibasakiRoka,429,641,600,False,False,True,True
GRANDMASTER,Vcg8-aTAITYa61mAaTRKS97Bw_weMEcqQvNvMVYVIPVREbQ,수금토토일민우,429,184,151,False,False,True,True
GRANDMASTER,Ljj61fW1BOqwvA_q4OHYSGOS_GAbeXequ6wYgRClyYECVGg,전설의박사박위림,428,554,525,True,False,False,False
GRANDMASTER,-7hi88jvr10VoNua8THJxKiEkU6PiQAv07IgVytvGEK2H7E,BABABIBI,428,395,374,False,False,False,True
GRANDMASTER,TGUKrWrugS2oKdqdCgt3eKovaQYwRjakZZag8YhWU_tBAEU,Again S,428,762,759,False,False,False,False
GRANDMASTER,iXERQCunsLMe2ZRBFis4vwySfvkQueD0mrzmHyiP2WmT3hs,Aibbly,428,1184,1116,False,False,True,False
GRANDMASTER,6u-PNsVRKnWwPF_6JQEERUxTMxrwQULxvw6nrnxrAXicXh0,Mee0w,428,588,554,False,False,False,False
GRANDMASTER,iSa8qPYiiXVJ1Jakr49jn1dd-fO6MLsuhchgvCy-kmSow_E,명예좀주세욥,427,180,99,False,False,False,True
GRANDMASTER,_eNr-T3X6nJsfGwBQA5o-Nyq13Mzm4KRDy0dgNoY7a9f3IE,werwerwetdsfdfz,427,856,759,True,False,False,False
GRANDMASTER,ym2iBiZEipBiGzMYg9hPmTOh8d78NZC2gXn2S0N7OU4ayPM,어린아이,427,937,878,False,False,True,True
GRANDMASTER,beoQHn4eG07WAmCZ6sPjvgAaACFpfmsCHXj3RsJ35Z7QeQ,개인팟,427,629,614,False,False,False,False
GRANDMASTER,Xj7Jp6fjdOHrevbuk-epzUrz6NH9_3qrtKX7o4K9d4_gi70,liu yue tian,426,286,208,False,False,True,False
GRANDMASTER,fooA9IMnPitUpBPaAoKPBlV0uypOvEe_1blwB3eSnS-e5oE,DFM Evi,426,611,596,False,False,True,False
GRANDMASTER,KNY_L8bt6xXTn1EYf6k2PPJS7_w-gM8Ljj3yCC0FvgHFYA,인생 즐겨요,426,639,600,True,False,False,False
GRANDMASTER,OsvtB2u2EKpPEc_FZNpCUuMrSbERnfti9GuEBEr4PkrirA,totoyoy,426,411,335,False,False,False,False
GRANDMASTER,61eInPHh6ksDX4abFHQOta2ZMZf3CEawiSwX4o90kpvjdgI,프리즘스톤,426,490,429,False,False,False,False
GRANDMASTER,FlO1X2chrjIm9nJF30voztTr1jGEaPCZ5xbov1OTndxYNy8,소미라shadow,423,505,401,True,False,False,False
GRANDMASTER,CsoVODZ8BVBFflY4hIKshjBZ3h9GatGL59DVcMw1UjaXKCI,dolcasa,423,1203,1196,False,False,False,False
GRANDMASTER,y8a2o3sSjzeu7twSsNkVlRfUQ3yOHxDTa_Rd9vf_TJbO1hE,쿠 리,422,536,531,False,False,True,False
GRANDMASTER,Y-9rewt5SBHhpD529kZNNK4f4CkPDpigREqKAT5MoH8KoEQ,By myse1f,422,507,458,True,False,False,False
GRANDMASTER,TnP-CFitowAsT5A6WqemsmP7nhOobdcTKa6wMJxnQM1OJPM,duokanditu,422,781,694,False,False,True,False
GRANDMASTER,z-XYvu1XDmAm2NQ4pAiSPwY1B30Y9PeTXES5HpP8gIgN2u4,엄청놀라면플써요,421,343,259,False,False,False,False
GRANDMASTER,DY8ViEGsMoV2JzyUlWEdeSt-TwYEoS3Y4JlUEdQxwahDF6s,는 느,421,282,185,False,False,False,True
GRANDMASTER,zgC5bxkwkoqAPE_yr2ZQzcc3PUH8vfNHgT1DNzA0IpQgdAc,heeseong,421,333,298,True,False,False,False
GRANDMASTER,4WPQUVCHazb_UIzb_Bn1FFJ0mI5qiWL6GoO1J0ujZEj0TQ,둠 심,421,361,308,False,False,True,False
GRANDMASTER,q4kMNimTDjcgKz9_UiXynbCO14OmFUwULhFWKNQycdUQ81M,MaIzahar,421,260,206,False,False,False,False
GRANDMASTER,XFaflU0v8SgObR9qCBOl9HHuRp66DsPURgigkX-Ygan5rZs,twetwerasd2q,420,772,736,False,False,True,False
GRANDMASTER,3SblFD5dY8lNmtimOE_zmUR1GK0HJWSgyW60K4g9cERb0-U,AF TV 최현욱,420,421,392,True,False,False,False
GRANDMASTER,Sam7rraLMRdz7DfHCh4Uw79dNw5FpI_Ho7fYwJsjfu7ft_8,USG Dasher,420,255,228,False,False,False,False
GRANDMASTER,ZTvHrkrg_8lOlUg1bcRDbWOWlA7LFkCAqi1Huq6FroH0sA,Pasolo,420,176,69,False,False,False,False
GRANDMASTER,vDVCfzTYtGbRvzunS2cexk1yBQgocpENUmudQ5uLfZ6o0O4,Adam a Eve ,420,241,158,False,False,False,False
GRANDMASTER,NvEoFvRlPazVVfnQnp8C106jz2WG1giBGre-Y31lAxQ3q3c,Riggle Trainer,419,344,286,False,False,False,True
GRANDMASTER,Z7L1D0VUZAfy2P-Tx0WTA3UQ1bgtYMOi4clNa8l-hTnNVQ,QOing,419,281,233,False,False,False,False
GRANDMASTER,kt-vHcviWii4ctPmGckdeoBoL2R2Y6aY-o0l2PN7THJcO7I,YeGod,419,1077,1007,False,False,True,False
GRANDMASTER,EqHolCCmgUQMIs5BJ7acmY24vheoAD-aSddo_8ba_JAjiN8,yhzA,418,264,239,False,False,False,False
GRANDMASTER,crtVbJb6baYzbnqHFVe21CUWtA3Sfysc2kDHqy1ghzV5Xw,JunB,418,513,512,False,False,False,False
GRANDMASTER,bfDfk_gtkPvlR3nozb1NRmYbD151qA3a5wiCrNtG3U8hDkc,처니 그림자1,418,608,600,True,False,False,False
GRANDMASTER,jZvkoknPbCFyJNXC9j7RzNaIqh8Bvgvve4Hw4gurOZvzsDs,Meoow,417,261,174,False,False,False,True
GRANDMASTER,U_YsE7G3qa0eCBvmATHtss0EyjZAszTqkmpMU3we8h_WquE,pityz,417,908,795,True,False,False,False
GRANDMASTER,oRAp6hCN8T6AIRxmYeF-CpYk7mywkvolUiMPVjS9PuTB_g,다영인일상이화보,417,124,125,False,False,False,False
GRANDMASTER,Vy4iqe3R-QfEFr3fNf5SSHbmU4O90frbV2zebSv9T3uGezI,Excuse,417,237,191,False,False,False,False
GRANDMASTER,3wP6ts7bO4iqLiCoN64Y-aJbhgaNUxvh-I6kht4rUawt3zY,국빱처럼든든하게,416,210,134,False,False,False,True
GRANDMASTER,wlo3wCXBR-f5hY1VLugtNsIn7NBmX8wFQU8BEd4TSk_9mg,Vanilast,416,413,323,False,False,False,False
GRANDMASTER,cJtS9B4WXm2NAat_0382hulUBpbFLo7Ac8jxTlCanpHml9Q,규지몬,416,381,362,False,False,False,False
GRANDMASTER,lCsnco2A1Ze6EOwK1t_aos55B3HQYa-mud5VQLz0NGX-hlg,나한테만,416,592,533,False,False,False,True
GRANDMASTER,ICcZuuI1q77aZs4UfYhD505Go-HMJLt6dUcCZR2muM5rdw,유투브 철이럼블,415,810,754,False,False,True,False
GRANDMASTER,8HFCYnfwIjLgWci5aNomGCNbTWl7aIUfX4GZI_GDt8T_qw,다훈갓,415,432,392,False,False,False,False
GRANDMASTER,y3nl00_tUqnamL_nQ-3VXRvbhRAA-Ovy_ntQOsPwf2BSLLI,완벽한 내 인생,414,478,424,False,False,True,True
GRANDMASTER,m9sTUPn1YOLehnLNzFL2B3N8spm-on6jsx0X089pEcbkvFc,음 표 fan,414,552,501,False,False,True,True
GRANDMASTER,r2EKaOnlWTGS0miIU5qttnTNz2RNVUplY_JYCuPqlqjllzk,FA Hollis,414,384,348,True,False,False,False
GRANDMASTER,uQ4mUcTmzE_csQjD7zC6DZd6Uxkxj_DV1umW0uprA2CktA,남영준,414,198,143,False,False,False,True
GRANDMASTER,3mn4b-bV45JXae-HtDTBnTzm-2-90jd52fHETq4-i_XinoI,카타리나의 신,413,197,111,False,False,False,False
GRANDMASTER,Y99h3LB_32xux026U801BxOJvtBjQo609pe8HjG5iNZS_g,랑랑이,413,341,294,False,False,True,True
GRANDMASTER,ZG6O1hQ8yE7LXASaahuv-LDlnSOt7YLc50t7sG-Rnoa8KqE,DRX 스눈이,413,227,239,False,False,False,False
GRANDMASTER,0_ysVFGUIpkjgwY65vfHLHHUlFtrs44bgIN7n7_G_kwaNA,QQ123,413,638,598,True,False,False,False
GRANDMASTER,vsmINqOtimPoUl17r2EJNoDOF0i1IymKqEoc5870HorPIUU,ahfmsmstkfka,413,276,231,False,False,False,True
GRANDMASTER,CKkRA8uMfKtGQsvQdVVIoTVm9i5EydSTX4ZiAA2eqpT2kw,못먹겟어삼각김밥,412,686,627,False,False,True,False
GRANDMASTER,PMIJ_TI-k_RtwY0wVl4dxRVQaLuEfiR4v1V3JUdsfVcwyxE,힘내암살의 왕,411,826,816,False,False,True,False
GRANDMASTER,jO5WI26jhVa2sJUtlmWL-J4idnN7p449nx-txryARzPyog,의정부 정탁이,411,403,379,False,False,False,False
GRANDMASTER,ewsjpYyHEw4RX2JCT0EnUqZ-JJxrjW7BSF-rIL2f3HxgGWM,우우랭,410,217,196,False,False,False,False
GRANDMASTER,c195c7qhAXLObazwwj9DleubD9yFvzWD2o5oD_nGA98zT3o,l love korean,410,578,511,False,False,True,False
GRANDMASTER,qZxyW-DsRWcFSX0DTQcmfzpqi5keP-wTDCCaC8rM8UPk5b4,앰비션 or AFK,410,519,416,False,False,False,True
GRANDMASTER,1v0chbBCQ-Z_QdQ8JfyF6Q-MupeOmuk9rTvyYIXnUQw0XWw,딸기슈가,410,646,574,False,False,False,False
GRANDMASTER,6qy4KeiLcvAsY9VGXwWwwnbvye9ceoyHkKhimQPFfO7R_9w,어느 날 새벽,410,223,127,False,False,False,True
GRANDMASTER,LfdsZlNu5MXYsiIOaUPPXzixC48pW39SVaTLBvFEYw-WVQ,카와이우기쨩,410,295,198,False,False,True,True
GRANDMASTER,NoJu30TJ4qzJ6dpeSTD8qVgSLyC_-AmZldocLXyMFdbzJGc,canel,410,376,296,False,False,True,True
GRANDMASTER,CYLE-MfwsAbly__XWRCL9zPJ8Dsl8dHv4lxJ6A2jDMKfDg,물다이아,410,267,232,False,False,False,True
GRANDMASTER,eTqEGiqV48iZWlU4-tBCwEYScmis4t3TvgCbFxM2IG1Y0w,MAI WAY,409,192,129,False,False,False,True
GRANDMASTER,fTGxEEKp7XhAHZEiIcSlrV3m4qVxaZe0A5yORFah4a_G4P4,누난의허리케인,409,654,620,False,False,True,False
GRANDMASTER,AIbayKNaRJncsXEFj729MQLSpA6xIKaaoK2jRlWyQvU79w,스마트색시뷰티,409,697,717,False,False,True,True
GRANDMASTER,MCBcHNvmLJ9eykIfqQeuaINCK5_mldt7cq0S-tXUW9JP4Rk,aor1f,408,246,164,False,False,False,True
GRANDMASTER,aP-oYHsyCKUDPiX0wwBOFuFJa3VyxiZBbTbrp_0w7S_VZA,GoongTube,408,880,882,True,False,False,False
GRANDMASTER,RXLEilTU-1hCgMZJIRf6xwOklIEBalnfy9qI_w62BFLvX8M,Joong Tae,408,254,205,False,False,True,True
GRANDMASTER,rdyOF3RqW5wJcL7469N_xX5IWIZi3Qns11TtmjjtnBazUKA,Louis Mang,408,678,585,False,False,False,False
GRANDMASTER,jsd4fV-mf-ujSHxAKtF2v50K9NhAYACc8k9M5Mso5pWyeQ,잔소리기계,407,188,144,False,False,False,False
GRANDMASTER,q9vFXnj8JUuKaew5k6tPlnHv6MvDA004jjrdqQwDBDVyY3M,리갈하이 팬,407,169,94,False,False,False,True
GRANDMASTER,Kx75Tu3LD2wHx3AShGehj0N0AhWQDtkoMLNMKciKFSuV2P0,GCA Star,407,396,355,False,False,True,False
GRANDMASTER,ie46Lug_F9QiVBsB6WMa2-nm4PD24CfjeCclE26IO3atcs4,좋은 기억만,407,292,204,False,False,False,True
GRANDMASTER,J11-is4AqjLSv306p52WwiPlUZt_kviihy9Wyvq70xV7i1c,19 Again July77,406,230,173,False,False,False,False
GRANDMASTER,sv6kWQMqZ0FpWxNn4DOJbVaaXqo1BuKkejemNNPz64V5HA,리리컬 매지컬,406,347,352,True,False,False,True
GRANDMASTER,74jO_AZPSj_K_u0ttpshDxWPLqQToSG5LoKk02s7jxA5Ocw,룰루보다잘웃음,406,449,374,False,False,False,False
GRANDMASTER,CKlz3ytIgxz0l4kBY7K0rV_h0Zs7HCnyUsrSu7kBVB2bBw,아니 한빈아,405,237,201,False,False,False,True
GRANDMASTER,t0MNzt2QvEyh-hn9hnp5X06xt6N_ZWlb2ZoDbqqxUOtsCe0,yiwancibeishang1,405,456,447,True,False,False,False
GRANDMASTER,yHB_hJIRbh9vuejIY_DpIk1nXxXJ4R59mkaf8hlEy1RXDwI,JsJJsJ,405,153,124,False,False,False,False
GRANDMASTER,mkq2a7gXzzzs8Y4tr3GOTTIzbqxZ2eETLC2N6ygCbq8n5GI,물나콩,405,676,627,False,False,True,True
GRANDMASTER,L71hlhcw2-SnlaRQfhWGsmD7JM4IFZpzjDa_ZOpKb8U153o,Kiss Me Plz,405,227,225,False,False,True,False
GRANDMASTER,lFxG3YUD2plnSE-BcMDo2GpY-PgDIxgrNUgkehbIPaEYwg,comment2,405,263,219,False,False,False,True
GRANDMASTER,do-n_WlO2LfBwsE-c0KDMKlKcf9uPh2vQFMXa6KDJAgz9F4,코코넛,405,397,303,False,False,False,True
GRANDMASTER,I0cY4EtbSzRG_mGFCI1hZxeU8rfnoW_MWWJOscq86j3B-8Y,RNG Babycow,404,386,302,False,False,False,False
GRANDMASTER,1RhJgaR556_OuY-N9iop5hOtnQh43-64fZmGoEloCK8ZprQ,evitoM,404,314,321,False,False,False,False
GRANDMASTER,8MiT_uO4rrlupKP2EVxRQrWXwyQUAEjVhSLXMh8MHFLTt_8,An Old Song,404,415,386,False,False,False,False
GRANDMASTER,irAHFopZl4GcxzFgbMGZCje_UVgOkMe6MyFNDL_5t3UrUOQ,IlIIlIlIlIIlIlI,403,715,669,False,False,True,False
GRANDMASTER,jiqwHgaVuLbm6qmfvkKEIHKRhomdbVDDTPsOBJkmXxl6zDo,별아미안내가잘할,403,291,272,False,False,True,False
GRANDMASTER,uUGLEsN_hE7Suvk4ZC8llBPAwj3GuVep_FOO2l2F3eopo7E,no dream no play,403,1065,1051,False,False,False,False
GRANDMASTER,TmKpMhFtGIMFjEw9TiCqTzzmBqoKqDyaJRZ54mCMYMT8_w,Lifes like Swain,403,475,425,False,False,False,False
GRANDMASTER,kmkh9w4L4Fg1_4tKv2ZLhng3t-WG4SncGy-th_Xdc31NMAg,카트라이더11,403,462,440,False,False,False,False
GRANDMASTER,ij91OCUgnx-sTEIsFA4yz0doaneoM6tEVYeDA5KPa039cpk,Rush ahead,402,1114,1109,False,False,False,False
GRANDMASTER,PQu1UTpFUUuC23o5dF40onDILxjV-k288XqoZz6Xqrezgg,MegaHamster9,397,639,613,False,False,False,False
GRANDMASTER,rMclctayiMEeValXjOBLiSXWYAKr84cKAsSIGe6jX8q5D5Y,123123321321,395,627,617,False,False,False,False
GRANDMASTER,UH9F4avn0bpg7cehWI8nRwuueQcgBbC9PZvn2N0hZlB54QA,As 엘리스,394,665,587,False,False,False,False
GRANDMASTER,DQmT5WgirbeXZgbChfisXxTT339lgXJk7_wr_sWmsklTgSw,ALTJS2,391,950,910,False,False,False,False
GRANDMASTER,wSGIaCB40UaNHZwiojG5TH0hLfV2MVB_1PUQ8lt3eVX0Qc4,07mo06,384,1078,1019,False,False,True,False
GRANDMASTER,2JiLVFzwFnIlyDLE1yfCYo0lOOMdUsbGZ4rtV99eraSG_KI,nishizhumacdd,370,600,517,True,False,False,False
GRANDMASTER,xnUs11xUqMv2zibR2SUDa9mRvPo-53RtkoH34y-IN1EWjg,ShrimpVicious,370,146,139,False,False,True,False
GRANDMASTER,2zcBWHszxJSl8-iXWzbdGMgvrjsWtAEev7UgUJx2EM2HccU,Popular0,369,615,570,True,False,False,False
GRANDMASTER,nouaKRakZ8KXHaoHxUi9lPXMURtuYSZAbnZSgOYKmT-yv0Q,Maruko,369,1117,1034,False,False,True,False
GRANDMASTER,mUWFJ8xrUfQVz7PFoPjtLXiJFeOxgENOLcf2oeDBKlIBW54,페이커 팬티도둑,368,518,487,False,False,True,False
GRANDMASTER,E6IxK661QO39HzX5mbelk6cmZ_kOwuM_yJuphC6sbp5Lrp8,9ho,359,523,461,False,False,True,False
GRANDMASTER,-YSaxu22-eSJ4M2qtDO0VbUOPAbbWmm5WLtRBPzOzEzb-UE,Introspect1on,357,767,688,False,False,True,False
GRANDMASTER,JO3Rg9lNdNhn_76FJbNM6LUladp7STIvo78JW23r-qPYbwA,pikapikaqiu,349,810,724,False,False,True,False
GRANDMASTER,-FNYz9nfAm2iQjp-rfABW3Vl1gOLClPXCL9cscl_cq4Estw,anran9,328,803,676,False,False,True,False
